Leptoria_contig001,Leptoria_contig001:2922199,G,C,0.104167,144
Leptoria_contig001,Leptoria_contig001:2922213,T,C,0.527778,144
Leptoria_contig001,Leptoria_contig001:2922216,T,G,0.0833333,144
Leptoria_contig001,Leptoria_contig001:2922220,G,A,0.0833333,144
Leptoria_contig001,Leptoria_contig001:2922256,C,T,0.118056,144
Leptoria_contig001,Leptoria_contig001:3241198,G,A,0.805556,144
Leptoria_contig001,Leptoria_contig001:3241223,T,G,0.680556,144
Leptoria_contig001,Leptoria_contig001:3241254,C,T,0.458333,144
Leptoria_contig001,Leptoria_contig001:3716027,A,G,0.125,144
Leptoria_contig001,Leptoria_contig001:3716151,A,G,0.145833,144
Leptoria_contig001,Leptoria_contig001:3716166,A,T,0.673611,144
Leptoria_contig001,Leptoria_contig001:3716178,C,T,0.673611,144
Leptoria_contig001,Leptoria_contig001:4215136,A,C,0.263889,144
Leptoria_contig001,Leptoria_contig001:4215137,G,A,0.263889,144
Leptoria_contig001,Leptoria_contig001:4215139,A,C,0.263889,144
Leptoria_contig001,Leptoria_contig001:4215145,G,C,0.173611,144
Leptoria_contig001,Leptoria_contig001:4215331,C,G,0.173611,144
Leptoria_contig001,Leptoria_contig001:6976208,G,T,0.0972222,144
Leptoria_contig001,Leptoria_contig001:6990125,T,A,0.180556,144
Leptoria_contig001,Leptoria_contig001:7087061,C,T,0.444444,144
Leptoria_contig001,Leptoria_contig001:7087068,C,T,0.0833333,144
Leptoria_contig001,Leptoria_contig001:7087074,G,T,0.444444,144
Leptoria_contig001,Leptoria_contig001:7087083,C,T,0.444444,144
Leptoria_contig001,Leptoria_contig001:7087098,T,A,0.541667,144
Leptoria_contig001,Leptoria_contig001:7087099,T,C,0.0694444,144
Leptoria_contig001,Leptoria_contig001:7087115,G,T,0.402778,144
Leptoria_contig001,Leptoria_contig001:7087117,A,"C,T","0.291667,0.0694444",144
Leptoria_contig001,Leptoria_contig001:7087230,C,T,0.444444,144
Leptoria_contig001,Leptoria_contig001:7087231,A,C,0.444444,144
Leptoria_contig001,Leptoria_contig001:7087265,T,G,0.145833,144
Leptoria_contig001,Leptoria_contig001:7087279,T,C,0.388889,144
Leptoria_contig001,Leptoria_contig001:7787679,G,A,0.368056,144
Leptoria_contig001,Leptoria_contig001:16666159,A,T,0.145833,144
Leptoria_contig001,Leptoria_contig001:16666162,C,T,0.333333,144
Leptoria_contig001,Leptoria_contig001:16666163,C,T,0.145833,144
Leptoria_contig001,Leptoria_contig001:16666171,G,A,0.486111,144
Leptoria_contig001,Leptoria_contig001:16666175,G,A,0.423611,144
Leptoria_contig001,Leptoria_contig001:16666176,A,G,0.423611,144
Leptoria_contig001,Leptoria_contig001:16666182,A,T,0.333333,144
Leptoria_contig001,Leptoria_contig001:16666183,A,G,0.4375,144
Leptoria_contig001,Leptoria_contig001:20069352,A,T,0.5625,144
Leptoria_contig001,Leptoria_contig001:20069365,A,T,0.513889,144
Leptoria_contig001,Leptoria_contig001:21425757,A,G,0.0694444,144
Leptoria_contig001,Leptoria_contig001:21425765,C,T,0.0694444,144
Leptoria_contig001,Leptoria_contig001:22096070,G,A,0.402778,144
Leptoria_contig001,Leptoria_contig001:22265519,A,G,0.152778,144
Leptoria_contig001,Leptoria_contig001:25014308,T,C,0.166667,144
Leptoria_contig001,Leptoria_contig001:25014498,C,A,0.583333,144
Leptoria_contig001,Leptoria_contig001:25014525,G,T,0.0833333,144
Leptoria_contig001,Leptoria_contig001:25014569,T,A,0.583333,144
Leptoria_contig001,Leptoria_contig001:30188496,T,C,0.508772,114
Leptoria_contig001,Leptoria_contig001:30188621,G,C,0.479167,144
Leptoria_contig001,Leptoria_contig001:30188628,G,A,0.0972222,144
Leptoria_contig001,Leptoria_contig001:30188634,G,A,0.138889,144
Leptoria_contig001,Leptoria_contig001:30188694,A,T,0.0972222,144
Leptoria_contig001,Leptoria_contig001:30188704,T,G,0.851852,108
Leptoria_contig001,Leptoria_contig001:30940790,G,A,0.0694444,144
Leptoria_contig001,Leptoria_contig001:31097541,T,A,0.605634,142
Leptoria_contig001,Leptoria_contig001:31097545,C,A,0.316901,142
Leptoria_contig001,Leptoria_contig001:31097558,A,G,0.725352,142
Leptoria_contig001,Leptoria_contig001:31097559,T,A,0.725352,142
Leptoria_contig001,Leptoria_contig001:31097595,T,G,0.309859,142
Leptoria_contig001,Leptoria_contig001:31281914,T,C,0.173611,144
Leptoria_contig001,Leptoria_contig001:31281916,G,A,0.0972222,144
Leptoria_contig001,Leptoria_contig001:31281925,C,T,0.173611,144
Leptoria_contig001,Leptoria_contig001:31281942,G,T,0.173611,144
Leptoria_contig001,Leptoria_contig001:31281943,A,G,0.173611,144
Leptoria_contig001,Leptoria_contig001:31281983,C,T,0.173611,144
Leptoria_contig001,Leptoria_contig001:31282009,G,A,0.173611,144
Leptoria_contig001,Leptoria_contig001:31282021,C,A,0.173611,144
Leptoria_contig001,Leptoria_contig001:31282138,T,C,0.462264,106
Leptoria_contig001,Leptoria_contig001:31298638,G,T,0.402778,144
Leptoria_contig001,Leptoria_contig001:38003181,C,T,0.159722,144
Leptoria_contig001,Leptoria_contig001:38003191,G,A,0.104167,144
Leptoria_contig001,Leptoria_contig001:38003334,A,G,0.0972222,144
Leptoria_contig001,Leptoria_contig001:38003435,T,C,0.104167,144
Leptoria_contig001,Leptoria_contig001:38828908,A,G,0.1875,144
Leptoria_contig001,Leptoria_contig001:38829066,T,G,0.472222,144
Leptoria_contig001,Leptoria_contig001:39817695,T,A,0.380952,126
Leptoria_contig001,Leptoria_contig001:39817710,C,T,0.541667,144
Leptoria_contig001,Leptoria_contig001:42788371,A,G,0.180556,144
Leptoria_contig001,Leptoria_contig001:42788382,T,C,0.180556,144
Leptoria_contig001,Leptoria_contig001:42788407,G,A,0.125,144
Leptoria_contig001,Leptoria_contig001:42834006,G,A,0.333333,144
Leptoria_contig001,Leptoria_contig001:43836971,C,G,0.0902778,144
Leptoria_contig001,Leptoria_contig001:43837009,T,C,0.0694444,144
Leptoria_contig001,Leptoria_contig001:43837030,C,T,0.0763889,144
Leptoria_contig001,Leptoria_contig001:46933358,T,C,0.118056,144
Leptoria_contig001,Leptoria_contig001:46933377,G,T,0.0694444,144
Leptoria_contig001,Leptoria_contig001:46933384,C,T,0.118056,144
Leptoria_contig001,Leptoria_contig001:46933535,A,C,0.118056,144
Leptoria_contig002,Leptoria_contig002:181504,G,T,0.1875,32
Leptoria_contig002,Leptoria_contig002:501607,A,G,0.0555556,144
Leptoria_contig002,Leptoria_contig002:712096,A,T,0.201389,144
Leptoria_contig002,Leptoria_contig002:712100,A,G,0.201389,144
Leptoria_contig002,Leptoria_contig002:3720505,C,T,0.243056,144
Leptoria_contig002,Leptoria_contig002:6155892,G,C,0.125,144
Leptoria_contig002,Leptoria_contig002:6155897,A,G,0.416667,144
Leptoria_contig002,Leptoria_contig002:6155915,C,A,0.125,144
Leptoria_contig002,Leptoria_contig002:6155933,A,T,0.118056,144
Leptoria_contig002,Leptoria_contig002:6155938,T,A,0.298611,144
Leptoria_contig002,Leptoria_contig002:6155977,A,G,0.638889,144
Leptoria_contig002,Leptoria_contig002:6155987,C,G,0.291667,144
Leptoria_contig002,Leptoria_contig002:6156075,T,C,0.291667,144
Leptoria_contig002,Leptoria_contig002:6156082,G,A,0.291667,144
Leptoria_contig002,Leptoria_contig002:6156085,C,T,0.291667,144
Leptoria_contig002,Leptoria_contig002:9127671,A,G,0.534722,144
Leptoria_contig002,Leptoria_contig002:9127692,C,G,0.125,144
Leptoria_contig002,Leptoria_contig002:9127696,G,T,0.159722,144
Leptoria_contig002,Leptoria_contig002:9127730,T,C,0.631944,144
Leptoria_contig002,Leptoria_contig002:9127765,C,T,0.270833,144
Leptoria_contig002,Leptoria_contig002:9127773,C,T,0.104167,144
Leptoria_contig002,Leptoria_contig002:9127855,A,T,0.340278,144
Leptoria_contig002,Leptoria_contig002:9127869,C,T,0.222222,144
Leptoria_contig002,Leptoria_contig002:9127897,T,G,0.152778,144
Leptoria_contig002,Leptoria_contig002:9127923,T,A,0.111111,144
Leptoria_contig002,Leptoria_contig002:9127925,C,T,0.534722,144
Leptoria_contig002,Leptoria_contig002:9127937,A,C,0.534722,144
Leptoria_contig002,Leptoria_contig002:9211035,C,T,0.256944,144
Leptoria_contig002,Leptoria_contig002:9211197,T,A,0.256944,144
Leptoria_contig002,Leptoria_contig002:9211198,A,G,0.256944,144
Leptoria_contig002,Leptoria_contig002:9211259,C,T,0.305556,144
Leptoria_contig002,Leptoria_contig002:9477940,T,A,0.881944,144
Leptoria_contig002,Leptoria_contig002:9477951,T,C,0.0694444,144
Leptoria_contig002,Leptoria_contig002:9478085,G,A,0.840278,144
Leptoria_contig002,Leptoria_contig002:9581512,G,C,0.152778,144
Leptoria_contig002,Leptoria_contig002:9581751,T,G,0.0972222,144
Leptoria_contig002,Leptoria_contig002:10117463,G,A,0.194444,144
Leptoria_contig002,Leptoria_contig002:10585230,G,C,0.0694444,144
Leptoria_contig002,Leptoria_contig002:10585264,A,G,0.180556,144
Leptoria_contig002,Leptoria_contig002:11111590,A,"C,G","0.409722,0.125",144
Leptoria_contig002,Leptoria_contig002:11111650,A,T,0.125,144
Leptoria_contig002,Leptoria_contig002:11510568,T,A,0.284722,144
Leptoria_contig002,Leptoria_contig002:11510569,A,G,0.270833,144
Leptoria_contig002,Leptoria_contig002:11510682,G,C,0.333333,144
Leptoria_contig002,Leptoria_contig002:11586439,C,A,0.194444,144
Leptoria_contig002,Leptoria_contig002:11586456,A,T,0.194444,144
Leptoria_contig002,Leptoria_contig002:11586648,C,T,0.277778,144
Leptoria_contig002,Leptoria_contig002:11586660,C,T,0.696429,56
Leptoria_contig002,Leptoria_contig002:11664492,G,T,0.368056,144
Leptoria_contig002,Leptoria_contig002:11664523,C,G,0.583333,144
Leptoria_contig002,Leptoria_contig002:11664663,T,C,0.145833,144
Leptoria_contig002,Leptoria_contig002:23023181,T,C,0.104167,144
Leptoria_contig002,Leptoria_contig002:23023204,T,A,0.118056,144
Leptoria_contig002,Leptoria_contig002:23023403,C,T,0.256944,144
Leptoria_contig002,Leptoria_contig002:23023433,A,G,0.173611,144
Leptoria_contig002,Leptoria_contig002:29255826,A,T,0.0833333,144
Leptoria_contig002,Leptoria_contig002:29255912,C,T,0.368056,144
Leptoria_contig002,Leptoria_contig002:29255925,A,G,0.423611,144
Leptoria_contig002,Leptoria_contig002:29255986,A,G,0.0833333,144
Leptoria_contig002,Leptoria_contig002:29849176,G,A,0.0763889,144
Leptoria_contig002,Leptoria_contig002:29849307,T,G,0.375,144
Leptoria_contig002,Leptoria_contig002:29849329,G,T,0.381944,144
Leptoria_contig002,Leptoria_contig002:29849354,G,A,0.611111,144
Leptoria_contig002,Leptoria_contig002:29849370,T,A,0.381944,144
Leptoria_contig002,Leptoria_contig002:29849382,C,T,0.381944,144
Leptoria_contig002,Leptoria_contig002:31519707,T,C,0.0972222,144
Leptoria_contig002,Leptoria_contig002:31519708,G,T,0.0972222,144
Leptoria_contig002,Leptoria_contig002:31519717,C,T,0.0972222,144
Leptoria_contig002,Leptoria_contig002:33677934,A,G,0.409722,144
Leptoria_contig002,Leptoria_contig002:33677944,C,A,0.152778,144
Leptoria_contig002,Leptoria_contig002:33678169,G,A,0.0625,144
Leptoria_contig002,Leptoria_contig002:33678183,T,A,0.0833333,144
Leptoria_contig002,Leptoria_contig002:36211481,G,A,0.145833,144
Leptoria_contig002,Leptoria_contig002:36211499,T,C,0.145833,144
Leptoria_contig002,Leptoria_contig002:36211507,A,G,0.1875,144
Leptoria_contig002,Leptoria_contig002:36211720,T,G,0.0555556,144
Leptoria_contig002,Leptoria_contig002:38155116,A,G,0.0694444,144
Leptoria_contig002,Leptoria_contig002:38155301,G,"C,T","0.194444,0.0625",144
Leptoria_contig002,Leptoria_contig002:38155308,G,C,0.125,144
Leptoria_contig002,Leptoria_contig002:43000338,C,A,0.145833,144
Leptoria_contig002,Leptoria_contig002:43000399,G,A,0.145833,144
Leptoria_contig002,Leptoria_contig002:43000525,G,T,0.145833,144
Leptoria_contig003,Leptoria_contig003:3530533,A,G,0.0763889,144
Leptoria_contig003,Leptoria_contig003:3530558,C,G,0.222222,144
Leptoria_contig003,Leptoria_contig003:3530706,G,T,0.166667,144
Leptoria_contig003,Leptoria_contig003:4260409,C,T,0.277778,144
Leptoria_contig003,Leptoria_contig003:4260422,T,C,0.451389,144
Leptoria_contig003,Leptoria_contig003:4260425,C,T,0.451389,144
Leptoria_contig003,Leptoria_contig003:4308721,G,A,0.0555556,144
Leptoria_contig003,Leptoria_contig003:4308727,T,C,0.118056,144
Leptoria_contig003,Leptoria_contig003:4308733,T,A,0.263889,144
Leptoria_contig003,Leptoria_contig003:14860404,C,T,0.340278,144
Leptoria_contig003,Leptoria_contig003:14860448,T,A,0.326389,144
Leptoria_contig003,Leptoria_contig003:14860575,T,A,0.326389,144
Leptoria_contig003,Leptoria_contig003:15898392,C,T,0.194444,144
Leptoria_contig003,Leptoria_contig003:15898396,G,T,0.0833333,144
Leptoria_contig003,Leptoria_contig003:15898568,C,T,0.1875,144
Leptoria_contig003,Leptoria_contig003:15898576,T,C,0.340278,144
Leptoria_contig003,Leptoria_contig003:15898584,C,T,0.25,144
Leptoria_contig003,Leptoria_contig003:15898602,T,A,0.0972222,144
Leptoria_contig003,Leptoria_contig003:15898610,A,G,0.423611,144
Leptoria_contig003,Leptoria_contig003:15898615,G,A,0.0902778,144
Leptoria_contig003,Leptoria_contig003:15898622,C,G,0.465278,144
Leptoria_contig003,Leptoria_contig003:15898633,T,C,0.0972222,144
Leptoria_contig003,Leptoria_contig003:17127807,A,C,0.180556,144
Leptoria_contig003,Leptoria_contig003:17127830,A,G,0.180556,144
Leptoria_contig003,Leptoria_contig003:17127833,C,A,0.111111,144
Leptoria_contig003,Leptoria_contig003:17127840,C,A,0.180556,144
Leptoria_contig003,Leptoria_contig003:17127856,A,G,0.138889,144
Leptoria_contig003,Leptoria_contig003:17127929,G,T,0.0763889,144
Leptoria_contig003,Leptoria_contig003:17127943,C,T,0.0694444,144
Leptoria_contig003,Leptoria_contig003:17127948,T,A,0.284722,144
Leptoria_contig003,Leptoria_contig003:17128008,C,T,0.131944,144
Leptoria_contig003,Leptoria_contig003:18871503,A,G,0.277778,144
Leptoria_contig003,Leptoria_contig003:18871509,T,G,0.215278,144
Leptoria_contig003,Leptoria_contig003:18871534,T,C,0.277778,144
Leptoria_contig003,Leptoria_contig003:18871670,C,T,0.270833,144
Leptoria_contig003,Leptoria_contig003:18871676,A,T,0.270833,144
Leptoria_contig003,Leptoria_contig003:18871714,C,A,0.0555556,144
Leptoria_contig003,Leptoria_contig003:18871730,G,A,0.111111,144
Leptoria_contig003,Leptoria_contig003:18871741,T,C,0.0833333,144
Leptoria_contig003,Leptoria_contig003:18871758,T,C,0.270833,144
Leptoria_contig003,Leptoria_contig003:18871760,A,G,0.270833,144
Leptoria_contig003,Leptoria_contig003:18871770,G,C,0.333333,144
Leptoria_contig003,Leptoria_contig003:20306424,A,C,0.395833,144
Leptoria_contig003,Leptoria_contig003:20306461,T,C,0.0694444,144
Leptoria_contig003,Leptoria_contig003:20431566,T,C,0.738095,42
Leptoria_contig003,Leptoria_contig003:21443287,C,A,0.173611,144
Leptoria_contig003,Leptoria_contig003:21443304,G,A,0.173611,144
Leptoria_contig003,Leptoria_contig003:21443313,C,G,0.201389,144
Leptoria_contig003,Leptoria_contig003:21443333,C,T,0.111111,144
Leptoria_contig003,Leptoria_contig003:22831792,T,C,0.0694444,144
Leptoria_contig003,Leptoria_contig003:22831841,A,G,0.166667,144
Leptoria_contig003,Leptoria_contig003:22831854,G,A,0.0694444,144
Leptoria_contig003,Leptoria_contig003:22978868,G,A,0.284722,144
Leptoria_contig003,Leptoria_contig003:22978896,G,A,0.145833,144
Leptoria_contig003,Leptoria_contig003:22978907,G,A,0.284722,144
Leptoria_contig003,Leptoria_contig003:22979018,C,T,0.430556,144
Leptoria_contig003,Leptoria_contig003:22979051,G,A,0.284722,144
Leptoria_contig003,Leptoria_contig003:22979065,C,G,0.291667,144
Leptoria_contig003,Leptoria_contig003:26760865,C,T,0.131944,144
Leptoria_contig003,Leptoria_contig003:26760995,C,A,0.0902778,144
Leptoria_contig003,Leptoria_contig003:26761021,C,G,0.0902778,144
Leptoria_contig003,Leptoria_contig003:26761044,A,T,0.263889,144
Leptoria_contig003,Leptoria_contig003:26761050,T,G,0.0833333,144
Leptoria_contig003,Leptoria_contig003:26761052,A,G,0.923611,144
Leptoria_contig003,Leptoria_contig003:32240839,T,C,0.604167,144
Leptoria_contig003,Leptoria_contig003:32240888,G,A,0.0972222,144
Leptoria_contig003,Leptoria_contig003:38857462,C,T,0.652778,144
Leptoria_contig003,Leptoria_contig003:38857494,A,G,0.0833333,144
Leptoria_contig003,Leptoria_contig003:38857502,G,A,0.1875,144
Leptoria_contig003,Leptoria_contig003:38857664,A,T,0.423611,144
Leptoria_contig003,Leptoria_contig003:39182500,A,G,0.5,144
Leptoria_contig003,Leptoria_contig003:39290829,A,G,0.0833333,144
Leptoria_contig003,Leptoria_contig003:39290843,T,G,0.222222,144
Leptoria_contig003,Leptoria_contig003:39290848,T,A,0.409722,144
Leptoria_contig003,Leptoria_contig003:39290849,C,T,0.409722,144
Leptoria_contig003,Leptoria_contig003:39290866,A,C,0.493056,144
Leptoria_contig003,Leptoria_contig003:39290867,G,T,0.361111,144
Leptoria_contig003,Leptoria_contig003:39290909,G,A,0.409722,144
Leptoria_contig003,Leptoria_contig003:39290917,A,"C,T","0.131944,0.347222",144
Leptoria_contig003,Leptoria_contig003:39291064,C,T,0.479167,144
Leptoria_contig003,Leptoria_contig003:39291099,A,G,0.229167,144
Leptoria_contig003,Leptoria_contig003:39291117,A,C,0.291667,144
Leptoria_contig003,Leptoria_contig003:39291127,A,C,0.229167,144
Leptoria_contig003,Leptoria_contig003:39291136,T,G,0.381944,144
Leptoria_contig003,Leptoria_contig003:39493632,A,G,0.159722,144
Leptoria_contig003,Leptoria_contig003:39493637,T,A,0.159722,144
Leptoria_contig003,Leptoria_contig003:40438379,T,G,0.0625,144
Leptoria_contig003,Leptoria_contig003:40438578,G,A,0.0833333,144
Leptoria_contig003,Leptoria_contig003:42916294,G,A,0.256944,144
Leptoria_contig003,Leptoria_contig003:43029460,T,C,0.270833,144
Leptoria_contig004,Leptoria_contig004:6198219,G,A,0.288732,142
Leptoria_contig004,Leptoria_contig004:6198341,C,T,0.302817,142
Leptoria_contig004,Leptoria_contig004:8678322,A,G,0.375,144
Leptoria_contig004,Leptoria_contig004:8678327,T,A,0.791667,144
Leptoria_contig004,Leptoria_contig004:8678348,T,A,0.173611,144
Leptoria_contig004,Leptoria_contig004:8678370,A,G,0.347222,144
Leptoria_contig004,Leptoria_contig004:8678372,G,A,0.347222,144
Leptoria_contig004,Leptoria_contig004:8678378,A,C,0.131944,144
Leptoria_contig004,Leptoria_contig004:8678553,A,C,0.0555556,144
Leptoria_contig004,Leptoria_contig004:8678576,G,A,0.361111,144
Leptoria_contig004,Leptoria_contig004:8678587,G,A,0.361111,144
Leptoria_contig004,Leptoria_contig004:8678607,A,G,0.8125,144
Leptoria_contig004,Leptoria_contig004:8678609,G,C,0.347222,144
Leptoria_contig004,Leptoria_contig004:8678610,C,T,0.347222,144
Leptoria_contig004,Leptoria_contig004:9847818,A,C,0.743056,144
Leptoria_contig004,Leptoria_contig004:9847835,C,T,0.0625,144
Leptoria_contig004,Leptoria_contig004:9847840,G,T,0.0625,144
Leptoria_contig004,Leptoria_contig004:9848061,T,G,0.166667,144
Leptoria_contig004,Leptoria_contig004:9848074,G,A,0.0833333,144
Leptoria_contig004,Leptoria_contig004:9861540,C,A,0.118056,144
Leptoria_contig004,Leptoria_contig004:9861547,C,T,0.0625,144
Leptoria_contig004,Leptoria_contig004:18198194,T,C,0.0902778,144
Leptoria_contig004,Leptoria_contig004:18198199,A,T,0.256944,144
Leptoria_contig004,Leptoria_contig004:18198215,T,"A,G","0.375,0.0694444",144
Leptoria_contig004,Leptoria_contig004:18198222,C,T,0.256944,144
Leptoria_contig004,Leptoria_contig004:18198235,A,G,0.236111,144
Leptoria_contig004,Leptoria_contig004:18198236,A,C,0.597222,144
Leptoria_contig004,Leptoria_contig004:18198242,C,T,0.256944,144
Leptoria_contig004,Leptoria_contig004:18198353,G,A,0.229167,144
Leptoria_contig004,Leptoria_contig004:18198361,C,T,0.256944,144
Leptoria_contig004,Leptoria_contig004:18198379,C,T,0.305556,144
Leptoria_contig004,Leptoria_contig004:18198396,G,C,0.229167,144
Leptoria_contig004,Leptoria_contig004:18198397,A,G,0.229167,144
Leptoria_contig004,Leptoria_contig004:18198401,C,T,0.465278,144
Leptoria_contig004,Leptoria_contig004:19418461,A,T,0.0555556,144
Leptoria_contig004,Leptoria_contig004:19418474,A,C,0.868056,144
Leptoria_contig004,Leptoria_contig004:19418700,G,A,0.868056,144
Leptoria_contig004,Leptoria_contig004:20294563,A,"C,G","0.0694444,0.263889",144
Leptoria_contig004,Leptoria_contig004:20294565,G,C,0.152778,144
Leptoria_contig004,Leptoria_contig004:20294571,A,T,0.0694444,144
Leptoria_contig004,Leptoria_contig004:20294683,T,C,0.0763889,144
Leptoria_contig004,Leptoria_contig004:21708134,T,C,0.222222,144
Leptoria_contig004,Leptoria_contig004:21708135,C,T,0.222222,144
Leptoria_contig004,Leptoria_contig004:21708148,A,G,0.152778,144
Leptoria_contig004,Leptoria_contig004:21708155,C,A,0.152778,144
Leptoria_contig004,Leptoria_contig004:21708342,G,A,0.229167,144
Leptoria_contig004,Leptoria_contig004:24120935,T,A,0.541667,144
Leptoria_contig004,Leptoria_contig004:24120937,G,A,0.0833333,144
Leptoria_contig004,Leptoria_contig004:24436315,G,A,0.388889,144
Leptoria_contig004,Leptoria_contig004:24436338,A,C,0.569444,144
Leptoria_contig004,Leptoria_contig004:24436504,C,T,0.159722,144
Leptoria_contig004,Leptoria_contig004:24436512,A,T,0.569444,144
Leptoria_contig004,Leptoria_contig004:24466948,A,G,0.243056,144
Leptoria_contig004,Leptoria_contig004:24466990,G,C,0.243056,144
Leptoria_contig004,Leptoria_contig004:26596854,T,C,0.493056,144
Leptoria_contig004,Leptoria_contig004:26596872,A,G,0.361111,144
Leptoria_contig004,Leptoria_contig004:26597148,C,G,0.388889,144
Leptoria_contig004,Leptoria_contig004:27292928,G,A,0.145833,144
Leptoria_contig004,Leptoria_contig004:27902147,A,G,0.486111,144
Leptoria_contig004,Leptoria_contig004:27902161,C,T,0.479167,144
Leptoria_contig004,Leptoria_contig004:27902372,T,C,0.534722,144
Leptoria_contig004,Leptoria_contig004:28434355,T,G,0.118056,144
Leptoria_contig004,Leptoria_contig004:28434403,T,G,0.701389,144
Leptoria_contig004,Leptoria_contig004:29757729,G,T,0.277778,144
Leptoria_contig004,Leptoria_contig004:29757911,A,G,0.548611,144
Leptoria_contig004,Leptoria_contig004:29757920,G,A,0.875,144
Leptoria_contig004,Leptoria_contig004:29757926,T,C,0.923611,144
Leptoria_contig004,Leptoria_contig004:29757929,G,C,0.923611,144
Leptoria_contig004,Leptoria_contig004:29757935,A,G,0.923611,144
Leptoria_contig004,Leptoria_contig004:29757940,C,A,0.277778,144
Leptoria_contig004,Leptoria_contig004:29757960,C,T,0.305556,144
Leptoria_contig004,Leptoria_contig004:32349801,G,A,0.373239,142
Leptoria_contig004,Leptoria_contig004:32349823,C,T,0.225352,142
Leptoria_contig004,Leptoria_contig004:32349824,G,A,0.521127,142
Leptoria_contig004,Leptoria_contig004:32349851,T,C,0.333333,144
Leptoria_contig004,Leptoria_contig004:32349872,A,T,0.645833,144
Leptoria_contig004,Leptoria_contig004:32350038,T,C,0.243056,144
Leptoria_contig004,Leptoria_contig004:32350057,T,A,0.0972222,144
Leptoria_contig004,Leptoria_contig004:32350070,A,G,0.333333,144
Leptoria_contig004,Leptoria_contig004:32350091,A,G,0.256944,144
Leptoria_contig004,Leptoria_contig004:32350097,G,A,0.368056,144
Leptoria_contig004,Leptoria_contig004:34491605,C,G,0.105634,142
Leptoria_contig004,Leptoria_contig004:35351339,C,T,0.131944,144
Leptoria_contig004,Leptoria_contig004:35351358,T,C,0.409722,144
Leptoria_contig004,Leptoria_contig004:35351372,G,C,0.0625,144
Leptoria_contig004,Leptoria_contig004:35351379,T,C,0.208333,144
Leptoria_contig004,Leptoria_contig004:35351381,T,C,0.194444,144
Leptoria_contig004,Leptoria_contig004:35351392,G,T,0.125,144
Leptoria_contig004,Leptoria_contig004:35428041,C,A,0.430556,144
Leptoria_contig004,Leptoria_contig004:35428211,A,G,0.152778,144
Leptoria_contig004,Leptoria_contig004:35428271,G,T,0.0625,144
Leptoria_contig004,Leptoria_contig004:38283013,A,G,0.152778,144
Leptoria_contig004,Leptoria_contig004:38283021,G,T,0.381944,144
Leptoria_contig004,Leptoria_contig004:38283027,G,A,0.0972222,144
Leptoria_contig004,Leptoria_contig004:38283249,T,C,0.395833,144
Leptoria_contig004,Leptoria_contig004:38283250,A,T,0.395833,144
Leptoria_contig004,Leptoria_contig004:38283251,G,A,0.395833,144
Leptoria_contig005,Leptoria_contig005:2092201,A,"G,T","0.340278,0.138889",144
Leptoria_contig005,Leptoria_contig005:2092210,T,C,0.180556,144
Leptoria_contig005,Leptoria_contig005:2092220,G,A,0.361111,144
Leptoria_contig005,Leptoria_contig005:2092262,T,C,0.354167,144
Leptoria_contig005,Leptoria_contig005:2092265,C,T,0.354167,144
Leptoria_contig005,Leptoria_contig005:2092390,A,T,0.361111,144
Leptoria_contig005,Leptoria_contig005:2092396,C,T,0.361111,144
Leptoria_contig005,Leptoria_contig005:2092398,A,T,0.361111,144
Leptoria_contig005,Leptoria_contig005:2092404,C,T,0.361111,144
Leptoria_contig005,Leptoria_contig005:2092412,T,G,0.0972222,144
Leptoria_contig005,Leptoria_contig005:2092417,G,A,0.180556,144
Leptoria_contig005,Leptoria_contig005:2092421,A,G,0.111111,144
Leptoria_contig005,Leptoria_contig005:3910362,T,C,0.326389,144
Leptoria_contig005,Leptoria_contig005:12730972,G,T,0.652778,144
Leptoria_contig005,Leptoria_contig005:12731181,A,G,0.125,144
Leptoria_contig005,Leptoria_contig005:18113238,G,A,0.104167,144
Leptoria_contig005,Leptoria_contig005:18113248,C,T,0.215278,144
Leptoria_contig005,Leptoria_contig005:18305605,G,A,0.368056,144
Leptoria_contig005,Leptoria_contig005:18305649,C,"G,T","0.326389,0.256944",144
Leptoria_contig005,Leptoria_contig005:18810638,G,A,0.208333,144
Leptoria_contig005,Leptoria_contig005:18810685,A,G,0.611111,144
Leptoria_contig005,Leptoria_contig005:20892292,A,T,0.388889,144
Leptoria_contig005,Leptoria_contig005:21567053,G,C,0.1875,144
Leptoria_contig005,Leptoria_contig005:21567130,C,A,0.4375,144
Leptoria_contig005,Leptoria_contig005:21567339,G,A,0.534722,144
Leptoria_contig005,Leptoria_contig005:21567550,C,G,0.326389,144
Leptoria_contig005,Leptoria_contig005:25210666,G,A,0.118056,144
Leptoria_contig005,Leptoria_contig005:25210702,G,A,0.375,144
Leptoria_contig005,Leptoria_contig005:25210710,A,C,0.0694444,144
Leptoria_contig005,Leptoria_contig005:25210734,A,G,0.104167,144
Leptoria_contig005,Leptoria_contig005:28235995,T,A,0.569444,144
Leptoria_contig005,Leptoria_contig005:28236005,T,G,0.0694444,144
Leptoria_contig005,Leptoria_contig005:28344673,G,T,0.21875,96
Leptoria_contig005,Leptoria_contig005:28344674,A,C,0.21875,96
Leptoria_contig005,Leptoria_contig005:28344880,G,A,0.180556,144
Leptoria_contig005,Leptoria_contig005:28344929,A,C,0.166667,144
Leptoria_contig005,Leptoria_contig005:28375802,G,A,0.408451,142
Leptoria_contig005,Leptoria_contig005:28376026,G,C,0.0902778,144
Leptoria_contig005,Leptoria_contig005:28376029,G,C,0.166667,144
Leptoria_contig005,Leptoria_contig005:28544675,G,A,0.118056,144
Leptoria_contig005,Leptoria_contig005:28544678,A,G,0.118056,144
Leptoria_contig005,Leptoria_contig005:28544687,C,A,0.0694444,144
Leptoria_contig005,Leptoria_contig005:28544689,A,G,0.0972222,144
Leptoria_contig005,Leptoria_contig005:28544690,T,A,0.0694444,144
Leptoria_contig005,Leptoria_contig005:28544702,A,G,0.0694444,144
Leptoria_contig005,Leptoria_contig005:30500762,T,A,0.104167,144
Leptoria_contig005,Leptoria_contig005:30500780,T,A,0.104167,144
Leptoria_contig005,Leptoria_contig005:30500786,T,A,0.194444,144
Leptoria_contig006,Leptoria_contig006:187813,C,T,0.395833,144
Leptoria_contig006,Leptoria_contig006:1329336,G,T,0.0763889,144
Leptoria_contig006,Leptoria_contig006:7198682,C,G,0.0763889,144
Leptoria_contig006,Leptoria_contig006:8747199,A,T,0.3125,144
Leptoria_contig006,Leptoria_contig006:13684486,T,G,0.125,144
Leptoria_contig006,Leptoria_contig006:14207380,T,C,0.444444,144
Leptoria_contig006,Leptoria_contig006:14207580,G,C,0.451389,144
Leptoria_contig006,Leptoria_contig006:14309317,G,A,0.0625,144
Leptoria_contig006,Leptoria_contig006:14309351,T,C,0.0833333,144
Leptoria_contig006,Leptoria_contig006:14309381,T,C,0.111111,144
Leptoria_contig006,Leptoria_contig006:14309390,A,T,0.0625,144
Leptoria_contig006,Leptoria_contig006:14309491,G,A,0.326389,144
Leptoria_contig006,Leptoria_contig006:14309506,A,T,0.4375,144
Leptoria_contig006,Leptoria_contig006:14309542,A,T,0.534722,144
Leptoria_contig006,Leptoria_contig006:14309543,T,C,0.534722,144
Leptoria_contig006,Leptoria_contig006:14318695,G,A,0.541667,144
Leptoria_contig006,Leptoria_contig006:14318736,A,G,0.118056,144
Leptoria_contig006,Leptoria_contig006:14318755,A,G,0.0555556,144
Leptoria_contig006,Leptoria_contig006:15340968,T,C,0.486111,144
Leptoria_contig006,Leptoria_contig006:15341149,T,C,0.0625,144
Leptoria_contig006,Leptoria_contig006:17493412,G,A,0.25,144
Leptoria_contig006,Leptoria_contig006:17493614,T,A,0.409722,144
Leptoria_contig006,Leptoria_contig006:27856604,T,C,0.458333,144
Leptoria_contig006,Leptoria_contig006:27856610,C,T,0.436508,126
Leptoria_contig006,Leptoria_contig006:27856779,A,G,0.4375,144
Leptoria_contig006,Leptoria_contig006:29461034,T,C,0.326389,144
Leptoria_contig006,Leptoria_contig006:29461063,C,T,0.131944,144
Leptoria_contig007,Leptoria_contig007:1204259,A,C,0.0555556,144
Leptoria_contig007,Leptoria_contig007:2771660,G,C,0.3125,144
Leptoria_contig007,Leptoria_contig007:2771671,T,C,0.416667,144
Leptoria_contig007,Leptoria_contig007:5807918,T,G,0.118056,144
Leptoria_contig007,Leptoria_contig007:5808044,A,G,0.118056,144
Leptoria_contig007,Leptoria_contig007:5808091,T,C,0.104167,144
Leptoria_contig007,Leptoria_contig007:5843102,G,A,0.652778,144
Leptoria_contig007,Leptoria_contig007:5843130,G,A,0.395833,144
Leptoria_contig007,Leptoria_contig007:5843201,C,A,0.0625,144
Leptoria_contig007,Leptoria_contig007:5843204,T,C,0.229167,144
Leptoria_contig007,Leptoria_contig007:5843233,G,A,0.229167,144
Leptoria_contig007,Leptoria_contig007:5843297,G,A,0.416667,144
Leptoria_contig007,Leptoria_contig007:8143311,A,G,0.194444,144
Leptoria_contig007,Leptoria_contig007:8143450,A,G,0.166667,144
Leptoria_contig007,Leptoria_contig007:8143451,C,A,0.833333,144
Leptoria_contig007,Leptoria_contig007:9121747,G,A,0.333333,144
Leptoria_contig007,Leptoria_contig007:9121931,G,T,0.166667,144
Leptoria_contig007,Leptoria_contig007:12626166,C,T,0.388889,144
Leptoria_contig007,Leptoria_contig007:12626176,G,A,0.5,144
Leptoria_contig007,Leptoria_contig007:12626189,G,A,0.229167,144
Leptoria_contig007,Leptoria_contig007:12626419,G,A,0.131944,144
Leptoria_contig007,Leptoria_contig007:12626423,T,A,0.395833,144
Leptoria_contig007,Leptoria_contig007:12626436,T,C,0.229167,144
Leptoria_contig007,Leptoria_contig007:14142334,A,G,0.0625,144
Leptoria_contig007,Leptoria_contig007:14142376,C,T,0.0972222,144
Leptoria_contig007,Leptoria_contig007:14142387,A,G,0.319444,144
Leptoria_contig007,Leptoria_contig007:14142516,G,A,0.0763889,144
Leptoria_contig007,Leptoria_contig007:14936876,T,A,0.256944,144
Leptoria_contig007,Leptoria_contig007:14936896,G,C,0.104167,144
Leptoria_contig007,Leptoria_contig007:14936909,T,C,0.125,144
Leptoria_contig007,Leptoria_contig007:14936914,G,T,0.0555556,144
Leptoria_contig007,Leptoria_contig007:20893404,C,T,0.340278,144
Leptoria_contig007,Leptoria_contig007:20893410,T,C,0.388889,144
Leptoria_contig007,Leptoria_contig007:20893432,T,A,0.125,144
Leptoria_contig007,Leptoria_contig007:20893433,C,A,0.125,144
Leptoria_contig007,Leptoria_contig007:20893443,G,T,0.0763889,144
Leptoria_contig007,Leptoria_contig007:20893451,A,T,0.138889,144
Leptoria_contig007,Leptoria_contig007:20893479,C,A,0.0763889,144
Leptoria_contig007,Leptoria_contig007:20893495,C,T,0.145833,144
Leptoria_contig007,Leptoria_contig007:20893499,T,A,0.333333,144
Leptoria_contig007,Leptoria_contig007:20893569,A,C,0.270833,144
Leptoria_contig007,Leptoria_contig007:20893573,A,G,0.145833,144
Leptoria_contig007,Leptoria_contig007:20893631,A,T,0.340278,144
Leptoria_contig007,Leptoria_contig007:20893633,A,T,0.340278,144
Leptoria_contig007,Leptoria_contig007:20893638,G,A,0.541667,144
Leptoria_contig007,Leptoria_contig007:20893641,T,A,0.3125,144
Leptoria_contig007,Leptoria_contig007:20893649,C,T,0.479167,144
Leptoria_contig007,Leptoria_contig007:20893655,G,A,0.340278,144
Leptoria_contig007,Leptoria_contig007:24250298,A,C,0.368056,144
Leptoria_contig007,Leptoria_contig007:24593980,T,C,0.263889,144
Leptoria_contig007,Leptoria_contig007:24593995,G,A,0.194444,144
Leptoria_contig007,Leptoria_contig007:24593999,C,T,0.208333,144
Leptoria_contig007,Leptoria_contig007:24594011,T,C,0.201389,144
Leptoria_contig007,Leptoria_contig007:24594017,T,A,0.194444,144
Leptoria_contig007,Leptoria_contig007:24594040,C,T,0.0555556,144
Leptoria_contig007,Leptoria_contig007:24594042,A,G,0.159722,144
Leptoria_contig007,Leptoria_contig007:24594050,T,A,0.131944,144
Leptoria_contig007,Leptoria_contig007:24594061,A,G,0.215278,144
Leptoria_contig007,Leptoria_contig007:24594062,T,G,0.263889,144
Leptoria_contig007,Leptoria_contig007:24594211,C,T,0.326389,144
Leptoria_contig007,Leptoria_contig007:24594227,C,G,0.0833333,144
Leptoria_contig007,Leptoria_contig007:24594245,A,G,0.194444,144
Leptoria_contig007,Leptoria_contig007:24594250,A,G,0.201389,144
Leptoria_contig007,Leptoria_contig007:24594254,G,C,0.1875,144
Leptoria_contig007,Leptoria_contig007:24594256,T,C,0.201389,144
Leptoria_contig007,Leptoria_contig007:24594258,A,C,0.236111,144
Leptoria_contig007,Leptoria_contig007:24594262,A,G,0.236111,144
Leptoria_contig007,Leptoria_contig007:24594263,T,C,0.305556,144
Leptoria_contig007,Leptoria_contig007:24594265,A,G,0.701389,144
Leptoria_contig007,Leptoria_contig007:26258766,A,T,0.222222,144
Leptoria_contig007,Leptoria_contig007:26258774,C,T,0.104167,144
Leptoria_contig007,Leptoria_contig007:26258790,C,T,0.0833333,144
Leptoria_contig007,Leptoria_contig007:26625171,G,A,0.381944,144
Leptoria_contig007,Leptoria_contig007:26625210,T,G,0.0694444,144
Leptoria_contig007,Leptoria_contig007:26682734,C,A,0.0625,144
Leptoria_contig007,Leptoria_contig007:26682900,C,A,0.0555556,144
Leptoria_contig007,Leptoria_contig007:28012494,G,A,0.229167,144
Leptoria_contig007,Leptoria_contig007:28012497,G,A,0.298611,144
Leptoria_contig007,Leptoria_contig007:28012519,G,C,0.298611,144
Leptoria_contig007,Leptoria_contig007:31127029,A,G,0.777778,54
Leptoria_contig007,Leptoria_contig007:31127058,T,A,0.631579,76
Leptoria_contig007,Leptoria_contig007:31127064,G,A,0.223684,76
Leptoria_contig007,Leptoria_contig007:32064202,A,G,0.0972222,144
Leptoria_contig007,Leptoria_contig007:32100796,C,T,0.402778,144
Leptoria_contig008,Leptoria_contig008:409745,G,A,0.402778,144
Leptoria_contig008,Leptoria_contig008:409750,A,C,0.111111,144
Leptoria_contig008,Leptoria_contig008:409754,C,T,0.0972222,144
Leptoria_contig008,Leptoria_contig008:418099,A,G,0.145833,144
Leptoria_contig008,Leptoria_contig008:418105,C,T,0.256944,144
Leptoria_contig008,Leptoria_contig008:418111,A,G,0.479167,144
Leptoria_contig008,Leptoria_contig008:418283,G,A,0.444444,144
Leptoria_contig008,Leptoria_contig008:418296,A,G,0.256944,144
Leptoria_contig008,Leptoria_contig008:418303,T,C,0.0972222,144
Leptoria_contig008,Leptoria_contig008:2498108,G,A,0.0763889,144
Leptoria_contig008,Leptoria_contig008:2498115,A,C,0.402778,144
Leptoria_contig008,Leptoria_contig008:2498128,C,T,0.402778,144
Leptoria_contig008,Leptoria_contig008:2498129,G,A,0.0763889,144
Leptoria_contig008,Leptoria_contig008:2498152,C,T,0.770833,144
Leptoria_contig008,Leptoria_contig008:2498155,C,T,0.347222,144
Leptoria_contig008,Leptoria_contig008:4830472,T,A,0.0763889,144
Leptoria_contig008,Leptoria_contig008:4830479,C,T,0.0763889,144
Leptoria_contig008,Leptoria_contig008:4830488,T,C,0.222222,144
Leptoria_contig008,Leptoria_contig008:4830517,G,T,0.1875,144
Leptoria_contig008,Leptoria_contig008:4830632,A,T,0.229167,144
Leptoria_contig008,Leptoria_contig008:4830641,T,G,0.229167,144
Leptoria_contig008,Leptoria_contig008:4974124,A,G,0.472222,144
Leptoria_contig008,Leptoria_contig008:4974144,C,T,0.472222,144
Leptoria_contig008,Leptoria_contig008:4974160,C,A,0.465278,144
Leptoria_contig008,Leptoria_contig008:4974163,T,C,0.465278,144
Leptoria_contig008,Leptoria_contig008:4974174,A,G,0.479167,144
Leptoria_contig008,Leptoria_contig008:4974187,T,A,0.0555556,144
Leptoria_contig008,Leptoria_contig008:6282869,G,A,0.340278,144
Leptoria_contig008,Leptoria_contig008:6630358,C,G,0.486111,144
Leptoria_contig008,Leptoria_contig008:6630391,G,A,0.479167,144
Leptoria_contig008,Leptoria_contig008:6630394,A,G,0.263889,144
Leptoria_contig008,Leptoria_contig008:6630501,G,A,0.263889,144
Leptoria_contig008,Leptoria_contig008:6630518,G,A,0.527778,144
Leptoria_contig008,Leptoria_contig008:6630548,C,T,0.145833,144
Leptoria_contig008,Leptoria_contig008:6690468,T,C,0.361111,144
Leptoria_contig008,Leptoria_contig008:6690573,T,C,0.263889,144
Leptoria_contig008,Leptoria_contig008:6690646,C,T,0.319444,144
Leptoria_contig008,Leptoria_contig008:9169933,G,A,0.0625,144
Leptoria_contig008,Leptoria_contig008:9169935,T,C,0.0625,144
Leptoria_contig008,Leptoria_contig008:9169936,C,T,0.0625,144
Leptoria_contig008,Leptoria_contig008:9169966,G,T,0.1875,144
Leptoria_contig008,Leptoria_contig008:9170143,G,T,0.0763889,144
Leptoria_contig008,Leptoria_contig008:12406777,C,T,0.0694444,144
Leptoria_contig008,Leptoria_contig008:12406788,G,C,0.0763889,144
Leptoria_contig008,Leptoria_contig008:12406798,G,T,0.0763889,144
Leptoria_contig008,Leptoria_contig008:12406820,G,C,0.236111,144
Leptoria_contig008,Leptoria_contig008:12406825,T,A,0.0833333,144
Leptoria_contig008,Leptoria_contig008:12406826,C,T,0.0833333,144
Leptoria_contig008,Leptoria_contig008:12406872,G,A,0.131944,144
Leptoria_contig008,Leptoria_contig008:13771982,A,T,0.513889,144
Leptoria_contig008,Leptoria_contig008:15284446,C,T,0.125,144
Leptoria_contig008,Leptoria_contig008:15284448,G,C,0.229167,144
Leptoria_contig008,Leptoria_contig008:25987861,G,C,0.111111,144
Leptoria_contig008,Leptoria_contig008:25987863,A,T,0.263889,144
Leptoria_contig008,Leptoria_contig008:25987864,C,T,0.222222,144
Leptoria_contig008,Leptoria_contig008:25987873,C,A,0.138889,144
Leptoria_contig008,Leptoria_contig008:25987882,A,T,0.25,144
Leptoria_contig008,Leptoria_contig008:25988028,T,C,0.0902778,144
Leptoria_contig008,Leptoria_contig008:25988039,C,T,0.111111,144
Leptoria_contig008,Leptoria_contig008:25988075,T,G,0.138889,144
Leptoria_contig008,Leptoria_contig008:25988106,T,A,0.138889,144
Leptoria_contig008,Leptoria_contig008:25988134,G,T,0.298611,144
Leptoria_contig008,Leptoria_contig008:25988137,C,G,0.138889,144
Leptoria_contig008,Leptoria_contig008:25988138,A,C,0.0555556,144
Leptoria_contig008,Leptoria_contig008:26931154,A,G,0.443662,142
Leptoria_contig008,Leptoria_contig008:29134074,T,A,0.166667,144
Leptoria_contig008,Leptoria_contig008:29134080,G,A,0.222222,144
Leptoria_contig008,Leptoria_contig008:30702968,G,T,0.180556,144
Leptoria_contig008,Leptoria_contig008:30703005,G,A,0.118056,144
Leptoria_contig008,Leptoria_contig008:30703113,A,G,0.319444,144
Leptoria_contig008,Leptoria_contig008:31389404,T,C,0.9375,144
Leptoria_contig008,Leptoria_contig008:31389455,A,C,0.222222,144
Leptoria_contig008,Leptoria_contig008:31389614,A,G,0.222222,144
Leptoria_contig009,Leptoria_contig009:1071309,C,T,0.395833,144
Leptoria_contig009,Leptoria_contig009:2938713,A,G,0.133803,142
Leptoria_contig009,Leptoria_contig009:3186772,A,T,0.215278,144
Leptoria_contig009,Leptoria_contig009:3186773,A,G,0.215278,144
Leptoria_contig009,Leptoria_contig009:3186858,T,C,0.180556,144
Leptoria_contig009,Leptoria_contig009:10035982,C,T,0.486111,144
Leptoria_contig009,Leptoria_contig009:10036034,C,A,0.472222,144
Leptoria_contig009,Leptoria_contig009:12383921,C,T,0.683099,142
Leptoria_contig009,Leptoria_contig009:12384036,A,G,0.690141,142
Leptoria_contig009,Leptoria_contig009:13364694,A,G,0.3125,144
Leptoria_contig009,Leptoria_contig009:13364735,G,A,0.0694444,144
Leptoria_contig009,Leptoria_contig009:13601106,C,A,0.319444,144
Leptoria_contig009,Leptoria_contig009:14008577,G,A,0.409722,144
Leptoria_contig009,Leptoria_contig009:14008588,G,A,0.0625,144
Leptoria_contig009,Leptoria_contig009:14008639,C,T,0.409722,144
Leptoria_contig009,Leptoria_contig009:14008837,T,A,0.0694444,144
Leptoria_contig009,Leptoria_contig009:15511963,T,A,0.180556,144
Leptoria_contig009,Leptoria_contig009:16963790,A,G,0.0704225,142
Leptoria_contig009,Leptoria_contig009:16963795,C,A,0.443662,142
Leptoria_contig009,Leptoria_contig009:18421454,G,C,0.416667,144
Leptoria_contig009,Leptoria_contig009:19843360,C,T,0.416667,144
Leptoria_contig009,Leptoria_contig009:19843377,G,A,0.0555556,144
Leptoria_contig009,Leptoria_contig009:19843403,C,T,0.416667,144
Leptoria_contig009,Leptoria_contig009:21480023,G,A,0.361111,144
Leptoria_contig009,Leptoria_contig009:21480026,C,T,0.131944,144
Leptoria_contig009,Leptoria_contig009:21480035,T,C,0.118056,144
Leptoria_contig009,Leptoria_contig009:21480060,T,C,0.159722,144
Leptoria_contig009,Leptoria_contig009:21480073,G,A,0.277778,144
Leptoria_contig009,Leptoria_contig009:21480092,C,T,0.173611,144
Leptoria_contig009,Leptoria_contig009:21480212,C,T,0.277778,144
Leptoria_contig009,Leptoria_contig009:21480259,G,A,0.277778,144
Leptoria_contig009,Leptoria_contig009:21480276,T,C,0.638889,144
Leptoria_contig009,Leptoria_contig009:21941643,G,A,0.0694444,144
Leptoria_contig009,Leptoria_contig009:22571603,T,C,0.861111,144
Leptoria_contig009,Leptoria_contig009:22571606,T,C,0.569444,144
Leptoria_contig009,Leptoria_contig009:22571607,A,C,0.861111,144
Leptoria_contig009,Leptoria_contig009:22571634,T,G,0.847222,144
Leptoria_contig009,Leptoria_contig009:22571660,A,G,0.847222,144
Leptoria_contig009,Leptoria_contig009:22571666,C,G,0.854167,144
Leptoria_contig009,Leptoria_contig009:22571670,G,A,0.0625,144
Leptoria_contig009,Leptoria_contig009:22571671,G,T,0.854167,144
Leptoria_contig009,Leptoria_contig009:22571797,C,T,0.583333,144
Leptoria_contig009,Leptoria_contig009:22571798,C,T,0.861111,144
Leptoria_contig009,Leptoria_contig009:22571799,T,C,0.861111,144
Leptoria_contig009,Leptoria_contig009:22571805,G,A,0.0972222,144
Leptoria_contig009,Leptoria_contig009:22571806,C,T,0.0972222,144
Leptoria_contig009,Leptoria_contig009:22571815,C,T,0.625,144
Leptoria_contig009,Leptoria_contig009:23727184,A,G,0.0555556,144
Leptoria_contig009,Leptoria_contig009:23727190,G,C,0.0555556,144
Leptoria_contig009,Leptoria_contig009:23727196,G,A,0.722222,144
Leptoria_contig009,Leptoria_contig009:23727206,G,A,0.180556,144
Leptoria_contig009,Leptoria_contig009:29254345,A,C,0.479167,144
Leptoria_contig009,Leptoria_contig009:29254363,A,G,0.465278,144
Leptoria_contig009,Leptoria_contig009:29254517,G,A,0.458333,144
Leptoria_contig009,Leptoria_contig009:29254579,A,C,0.472222,144
Leptoria_contig010,Leptoria_contig010:88282,G,A,0.451389,144
Leptoria_contig010,Leptoria_contig010:88297,A,G,0.590278,144
Leptoria_contig010,Leptoria_contig010:88299,C,G,0.4375,144
Leptoria_contig010,Leptoria_contig010:88315,T,C,0.479167,144
Leptoria_contig010,Leptoria_contig010:88327,G,A,0.569444,144
Leptoria_contig010,Leptoria_contig010:88349,G,A,0.104167,144
Leptoria_contig010,Leptoria_contig010:88499,A,G,0.0555556,144
Leptoria_contig010,Leptoria_contig010:88562,C,T,0.0625,144
Leptoria_contig010,Leptoria_contig010:88575,C,T,0.291667,144
Leptoria_contig010,Leptoria_contig010:88583,G,T,0.298611,144
Leptoria_contig010,Leptoria_contig010:1353959,G,A,0.0763889,144
Leptoria_contig010,Leptoria_contig010:1354069,T,C,0.0694444,144
Leptoria_contig010,Leptoria_contig010:2814009,G,A,0.104167,144
Leptoria_contig010,Leptoria_contig010:2814031,T,C,0.0694444,144
Leptoria_contig010,Leptoria_contig010:2814036,C,T,0.743056,144
Leptoria_contig010,Leptoria_contig010:4408482,T,A,0.166667,144
Leptoria_contig010,Leptoria_contig010:4408494,G,C,0.340278,144
Leptoria_contig010,Leptoria_contig010:4408495,T,G,0.166667,144
Leptoria_contig010,Leptoria_contig010:4408498,T,G,0.0694444,144
Leptoria_contig010,Leptoria_contig010:4408499,C,T,0.340278,144
Leptoria_contig010,Leptoria_contig010:4408534,G,T,0.166667,144
Leptoria_contig010,Leptoria_contig010:4408630,A,G,0.131944,144
Leptoria_contig010,Leptoria_contig010:6966776,A,G,0.0555556,144
Leptoria_contig010,Leptoria_contig010:6966777,A,C,0.0555556,144
Leptoria_contig010,Leptoria_contig010:6966788,T,A,0.0555556,144
Leptoria_contig010,Leptoria_contig010:6966946,T,A,0.0555556,144
Leptoria_contig010,Leptoria_contig010:6966948,T,C,0.0555556,144
Leptoria_contig010,Leptoria_contig010:7221032,G,C,0.0694444,144
Leptoria_contig010,Leptoria_contig010:7221207,C,T,0.0902778,144
Leptoria_contig010,Leptoria_contig010:8469114,C,T,0.131944,144
Leptoria_contig010,Leptoria_contig010:8469126,T,C,0.916667,144
Leptoria_contig010,Leptoria_contig010:8469140,G,A,0.138889,144
Leptoria_contig010,Leptoria_contig010:8469146,A,T,0.104167,144
Leptoria_contig010,Leptoria_contig010:8469154,A,G,0.0555556,144
Leptoria_contig010,Leptoria_contig010:9006894,T,G,0.756944,144
Leptoria_contig010,Leptoria_contig010:9006930,T,C,0.201389,144
Leptoria_contig010,Leptoria_contig010:12122347,C,A,0.333333,144
Leptoria_contig010,Leptoria_contig010:12122368,C,G,0.354167,144
Leptoria_contig010,Leptoria_contig010:12122424,T,G,0.340278,144
Leptoria_contig010,Leptoria_contig010:12122675,G,C,0.493056,144
Leptoria_contig010,Leptoria_contig010:12122912,T,C,0.486111,144
Leptoria_contig010,Leptoria_contig010:12142968,A,G,0.5,144
Leptoria_contig010,Leptoria_contig010:12143155,G,T,0.513889,144
Leptoria_contig010,Leptoria_contig010:12143163,A,C,0.0833333,144
Leptoria_contig010,Leptoria_contig010:13444397,G,A,0.0694444,144
Leptoria_contig010,Leptoria_contig010:13444552,T,G,0.0763889,144
Leptoria_contig010,Leptoria_contig010:13444573,A,G,0.0972222,144
Leptoria_contig010,Leptoria_contig010:15707293,G,A,0.0625,144
Leptoria_contig010,Leptoria_contig010:15707326,C,A,0.548611,144
Leptoria_contig010,Leptoria_contig010:15707524,C,T,0.0625,144
Leptoria_contig010,Leptoria_contig010:16898075,G,T,0.126761,142
Leptoria_contig010,Leptoria_contig010:16898126,A,C,0.0774648,142
Leptoria_contig010,Leptoria_contig010:16898140,G,A,0.084507,142
Leptoria_contig010,Leptoria_contig010:19232609,C,A,0.326389,144
Leptoria_contig010,Leptoria_contig010:19232832,T,A,0.388889,144
Leptoria_contig010,Leptoria_contig010:19327197,G,A,0.1875,144
Leptoria_contig010,Leptoria_contig010:19327198,G,A,0.1875,144
Leptoria_contig010,Leptoria_contig010:19327291,C,G,0.0833333,144
Leptoria_contig010,Leptoria_contig010:21567277,G,A,0.125,144
Leptoria_contig010,Leptoria_contig010:23602874,C,G,0.270833,144
Leptoria_contig011,Leptoria_contig011:4903888,T,G,0.0833333,144
Leptoria_contig011,Leptoria_contig011:8247628,A,G,0.451389,144
Leptoria_contig011,Leptoria_contig011:8247646,C,T,0.111111,144
Leptoria_contig011,Leptoria_contig011:11168331,T,C,0.0625,144
Leptoria_contig011,Leptoria_contig011:11168511,C,T,0.298611,144
Leptoria_contig011,Leptoria_contig011:11168567,G,C,0.4375,144
Leptoria_contig011,Leptoria_contig011:13783936,A,G,0.131944,144
Leptoria_contig011,Leptoria_contig011:13783937,A,T,0.402778,144
Leptoria_contig011,Leptoria_contig011:13783947,C,T,0.229167,144
Leptoria_contig011,Leptoria_contig011:13784129,G,C,0.298611,144
Leptoria_contig011,Leptoria_contig011:13784159,A,G,0.208333,144
Leptoria_contig011,Leptoria_contig011:13842648,A,G,0.694444,144
Leptoria_contig011,Leptoria_contig011:13842659,G,A,0.694444,144
Leptoria_contig011,Leptoria_contig011:14037290,A,G,0.222222,144
Leptoria_contig011,Leptoria_contig011:14037299,C,G,0.229167,144
Leptoria_contig011,Leptoria_contig011:14037329,C,T,0.0763889,144
Leptoria_contig011,Leptoria_contig011:14037365,C,G,0.0972222,144
Leptoria_contig011,Leptoria_contig011:14037392,T,C,0.729167,144
Leptoria_contig011,Leptoria_contig011:17191971,G,A,0.111111,144
Leptoria_contig011,Leptoria_contig011:17191984,T,C,0.111111,144
Leptoria_contig011,Leptoria_contig011:17191986,C,T,0.1875,144
Leptoria_contig011,Leptoria_contig011:17192003,T,A,0.409722,144
Leptoria_contig011,Leptoria_contig011:17192014,C,T,0.256944,144
Leptoria_contig011,Leptoria_contig011:17192218,T,C,0.0833333,144
Leptoria_contig011,Leptoria_contig011:17192228,G,C,0.111111,144
Leptoria_contig011,Leptoria_contig011:17192234,T,A,0.423611,144
Leptoria_contig011,Leptoria_contig011:21280561,A,T,0.6875,144
Leptoria_contig011,Leptoria_contig011:21280563,T,C,0.138889,144
Leptoria_contig011,Leptoria_contig011:21280575,A,G,0.0694444,144
Leptoria_contig011,Leptoria_contig011:21280591,A,T,0.375,144
Leptoria_contig011,Leptoria_contig011:21280827,C,G,0.229167,144
Leptoria_contig011,Leptoria_contig011:21280842,G,C,0.0902778,144
Leptoria_contig011,Leptoria_contig011:22261904,T,A,0.118056,144
Leptoria_contig011,Leptoria_contig011:22261925,A,G,0.131944,144
Leptoria_contig011,Leptoria_contig011:22503665,A,G,0.451389,144
Leptoria_contig011,Leptoria_contig011:22503736,C,A,0.402778,144
Leptoria_contig011,Leptoria_contig011:22503867,A,G,0.444444,144
Leptoria_contig011,Leptoria_contig011:22503943,A,G,0.451389,144
Leptoria_contig012,Leptoria_contig012:1168864,G,A,0.0902778,144
Leptoria_contig012,Leptoria_contig012:12871720,T,G,0.583333,144
Leptoria_contig012,Leptoria_contig012:14006011,T,C,0.118056,144
Leptoria_contig012,Leptoria_contig012:14006121,A,T,0.0763889,144
Leptoria_contig012,Leptoria_contig012:14006187,G,A,0.0763889,144
Leptoria_contig012,Leptoria_contig012:14006189,C,T,0.131944,144
Leptoria_contig012,Leptoria_contig012:14006190,A,G,0.131944,144
Leptoria_contig012,Leptoria_contig012:14006204,T,C,0.131944,144
Leptoria_contig012,Leptoria_contig012:16492924,G,T,0.458333,144
Leptoria_contig012,Leptoria_contig012:16683999,A,G,0.152778,144
Leptoria_contig012,Leptoria_contig012:16684000,A,G,0.118056,144
Leptoria_contig012,Leptoria_contig012:16684004,T,C,0.395833,144
Leptoria_contig012,Leptoria_contig012:16684012,T,C,0.222222,144
Leptoria_contig012,Leptoria_contig012:16684035,C,T,0.222222,144
Leptoria_contig012,Leptoria_contig012:16684050,T,C,0.375,144
Leptoria_contig012,Leptoria_contig012:16684051,G,T,0.0694444,144
Leptoria_contig012,Leptoria_contig012:16818494,T,C,0.0972222,144
Leptoria_contig012,Leptoria_contig012:18370429,T,A,0.0763889,144
Leptoria_contig012,Leptoria_contig012:21367801,C,T,0.444444,144
Leptoria_contig012,Leptoria_contig012:21367963,C,T,0.5,144
Leptoria_contig013,Leptoria_contig013:1056973,C,T,0.104167,144
Leptoria_contig013,Leptoria_contig013:1056987,A,G,0.472222,144
Leptoria_contig013,Leptoria_contig013:1057020,T,C,0.104167,144
Leptoria_contig013,Leptoria_contig013:1057192,T,A,0.118056,144
Leptoria_contig013,Leptoria_contig013:1566644,T,A,0.423611,144
Leptoria_contig013,Leptoria_contig013:2425585,C,T,0.513889,144
Leptoria_contig013,Leptoria_contig013:2425586,A,T,0.513889,144
Leptoria_contig013,Leptoria_contig013:2425606,G,A,0.0694444,144
Leptoria_contig013,Leptoria_contig013:2425618,A,G,0.319444,144
Leptoria_contig013,Leptoria_contig013:2425634,C,A,0.319444,144
Leptoria_contig013,Leptoria_contig013:2425649,T,A,0.319444,144
Leptoria_contig013,Leptoria_contig013:2425780,C,T,0.0555556,144
Leptoria_contig013,Leptoria_contig013:2425782,T,A,0.472222,144
Leptoria_contig013,Leptoria_contig013:2425787,A,G,0.472222,144
Leptoria_contig013,Leptoria_contig013:2425798,C,G,0.409722,144
Leptoria_contig013,Leptoria_contig013:11747957,A,C,0.256944,144
Leptoria_contig013,Leptoria_contig013:12826980,T,G,0.125,144
Leptoria_contig013,Leptoria_contig013:14215114,G,A,0.0555556,144
Leptoria_contig013,Leptoria_contig013:14215117,A,T,0.118056,144
Leptoria_contig013,Leptoria_contig013:14215143,C,"G,T","0.138889,0.375",144
Leptoria_contig013,Leptoria_contig013:14215307,T,A,0.194444,144
Leptoria_contig013,Leptoria_contig013:14215383,C,T,0.611111,144
Leptoria_contig013,Leptoria_contig013:22239275,C,T,0.131944,144
Leptoria_contig013,Leptoria_contig013:22239432,G,A,0.131944,144
Leptoria_contig013,Leptoria_contig013:22239436,T,A,0.138889,144
Leptoria_contig013,Leptoria_contig013:22239490,G,C,0.159722,144
Leptoria_contig013,Leptoria_contig013:22239502,A,G,0.138889,144
Leptoria_contig013,Leptoria_contig013:22239510,A,G,0.347222,144
Leptoria_contig014,Leptoria_contig014:3338910,A,G,0.395833,144
Leptoria_contig014,Leptoria_contig014:3911596,C,A,0.180556,144
Leptoria_contig014,Leptoria_contig014:3911786,C,T,0.0694444,144
Leptoria_contig014,Leptoria_contig014:6471795,A,G,0.0555556,144
Leptoria_contig014,Leptoria_contig014:6471804,T,G,0.465278,144
Leptoria_contig014,Leptoria_contig014:6471806,C,A,0.201389,144
Leptoria_contig014,Leptoria_contig014:6471825,G,C,0.375,144
Leptoria_contig014,Leptoria_contig014:6471830,C,G,0.229167,144
Leptoria_contig014,Leptoria_contig014:6471843,T,C,0.458333,144
Leptoria_contig014,Leptoria_contig014:6471845,C,"A,G","0.215278,0.243056",144
Leptoria_contig014,Leptoria_contig014:6471846,G,A,0.5625,144
Leptoria_contig014,Leptoria_contig014:6471847,C,A,0.104167,144
Leptoria_contig014,Leptoria_contig014:6472039,T,G,0.326389,144
Leptoria_contig014,Leptoria_contig014:6472048,C,T,0.4375,144
Leptoria_contig014,Leptoria_contig014:6472067,C,T,0.444444,144
Leptoria_contig014,Leptoria_contig014:6472071,A,T,0.0833333,144
Leptoria_contig014,Leptoria_contig014:6472074,A,G,0.444444,144
Leptoria_contig014,Leptoria_contig014:6472084,C,"A,T","0.173611,0.215278",144
Leptoria_contig014,Leptoria_contig014:6472102,A,C,0.326389,144
Leptoria_contig014,Leptoria_contig014:7509212,T,A,0.458333,144
Leptoria_contig014,Leptoria_contig014:7509215,A,G,0.666667,144
Leptoria_contig014,Leptoria_contig014:7509222,C,T,0.0625,144
Leptoria_contig014,Leptoria_contig014:7509225,C,A,0.0625,144
Leptoria_contig014,Leptoria_contig014:7509264,C,T,0.104167,144
Leptoria_contig014,Leptoria_contig014:7509364,T,G,0.0625,144
Leptoria_contig014,Leptoria_contig014:9720435,C,G,0.0555556,144
Leptoria_contig014,Leptoria_contig014:9720477,A,T,0.180556,144
Leptoria_contig014,Leptoria_contig014:9720483,T,A,0.180556,144
Leptoria_contig014,Leptoria_contig014:9720599,A,G,0.180556,144
Leptoria_contig014,Leptoria_contig014:9720629,T,A,0.0694444,144
Leptoria_contig014,Leptoria_contig014:9720659,G,T,0.0555556,144
Leptoria_contig014,Leptoria_contig014:10193053,C,A,0.0833333,144
Leptoria_contig014,Leptoria_contig014:10193263,G,A,0.576389,144
Leptoria_contig014,Leptoria_contig014:10961986,A,G,0.1875,144
Leptoria_contig014,Leptoria_contig014:10962046,T,A,0.0625,144
Leptoria_contig014,Leptoria_contig014:10962221,T,C,0.0625,144
Leptoria_contig014,Leptoria_contig014:11328272,G,A,0.458333,144
Leptoria_contig014,Leptoria_contig014:11328445,C,T,0.461538,52
Leptoria_contig014,Leptoria_contig014:13498382,G,A,0.145833,144
Leptoria_contig014,Leptoria_contig014:13498429,C,A,0.0694444,144
Leptoria_contig014,Leptoria_contig014:13498658,G,A,0.5625,144
Leptoria_contig014,Leptoria_contig014:15853285,A,G,0.416667,144
Leptoria_contig014,Leptoria_contig014:15853300,G,C,0.0763889,144
Leptoria_contig014,Leptoria_contig014:15853374,C,T,0.166667,144
Leptoria_contig014,Leptoria_contig014:15906276,C,T,0.0555556,144
Leptoria_contig014,Leptoria_contig014:16320874,A,T,0.909722,144
Leptoria_contig014,Leptoria_contig014:16320877,A,G,0.458333,144
Leptoria_contig014,Leptoria_contig014:16320889,T,C,0.0625,144
Leptoria_contig014,Leptoria_contig014:16320891,G,T,0.486111,144
Leptoria_contig014,Leptoria_contig014:16320915,A,T,0.236111,144
Leptoria_contig014,Leptoria_contig014:16320918,G,A,0.486111,144
Leptoria_contig014,Leptoria_contig014:16320921,A,G,0.576389,144
Leptoria_contig014,Leptoria_contig014:16320923,G,A,0.208333,144
Leptoria_contig014,Leptoria_contig014:16320928,G,A,0.0972222,144
Leptoria_contig014,Leptoria_contig014:16320938,G,T,0.506944,144
Leptoria_contig014,Leptoria_contig014:16321039,A,G,0.215278,144
Leptoria_contig014,Leptoria_contig014:16321041,G,T,0.493056,144
Leptoria_contig014,Leptoria_contig014:16321043,T,C,0.590278,144
Leptoria_contig014,Leptoria_contig014:16321045,G,"A,C","0.0833333,0.493056",144
Leptoria_contig014,Leptoria_contig014:16321046,A,C,0.0972222,144
Leptoria_contig014,Leptoria_contig014:16321048,A,T,0.590278,144
Leptoria_contig014,Leptoria_contig014:16321049,G,A,0.493056,144
Leptoria_contig014,Leptoria_contig014:16321056,T,C,0.208333,144
Leptoria_contig014,Leptoria_contig014:16321057,C,T,0.166667,144
Leptoria_contig014,Leptoria_contig014:16321064,C,T,0.5,144
Leptoria_contig014,Leptoria_contig014:16321076,A,T,0.319444,144
Leptoria_contig014,Leptoria_contig014:16321077,G,T,0.319444,144
Leptoria_contig014,Leptoria_contig014:16321079,C,T,0.486111,144
Leptoria_contig014,Leptoria_contig014:16321086,T,G,0.131944,144
Leptoria_contig014,Leptoria_contig014:16321088,G,A,0.486111,144
Leptoria_contig014,Leptoria_contig014:16387774,C,T,0.915094,106
Leptoria_contig014,Leptoria_contig014:19563979,C,T,0.0555556,144
Leptoria_contig014,Leptoria_contig014:19563980,T,C,0.0555556,144
Leptoria_contig014,Leptoria_contig014:19563996,A,G,0.0555556,144
Leptoria_contig015,Leptoria_contig015:1924047,T,C,0.408451,142
Leptoria_contig015,Leptoria_contig015:1924063,A,G,0.471831,142
Leptoria_contig015,Leptoria_contig015:5565521,T,A,0.0555556,144
Leptoria_contig015,Leptoria_contig015:5565721,A,G,0.534722,144
Leptoria_contig015,Leptoria_contig015:5565742,G,A,0.527778,144
Leptoria_contig015,Leptoria_contig015:7828292,A,C,0.138889,72
Leptoria_contig015,Leptoria_contig015:14607340,C,T,0.597222,144
Leptoria_contig015,Leptoria_contig015:14607342,G,A,0.131944,144
Leptoria_contig015,Leptoria_contig015:17173044,G,A,0.479167,144
Leptoria_contig015,Leptoria_contig015:17173179,T,C,0.0763889,144
Leptoria_contig015,Leptoria_contig015:17173267,A,G,0.722222,144
Leptoria_contig015,Leptoria_contig015:18001649,C,T,0.159722,144
Leptoria_contig015,Leptoria_contig015:18001656,A,G,0.0972222,144
Leptoria_contig015,Leptoria_contig015:18001674,A,G,0.0555556,144
Leptoria_contig015,Leptoria_contig015:18001677,C,T,0.0902778,144
Leptoria_contig015,Leptoria_contig015:18001683,C,T,0.111111,144
Leptoria_contig015,Leptoria_contig015:18250910,G,C,0.166667,144
Leptoria_contig015,Leptoria_contig015:18250936,C,A,0.0763889,144
Leptoria_contig015,Leptoria_contig015:18250946,A,G,0.0763889,144
Leptoria_contig015,Leptoria_contig015:18251093,T,C,0.444444,144
Leptoria_contig015,Leptoria_contig015:18251109,T,G,0.423611,144
Leptoria_contig015,Leptoria_contig015:18251110,G,A,0.0625,144
Leptoria_contig015,Leptoria_contig015:18251132,C,A,0.111111,144
Leptoria_contig015,Leptoria_contig015:18251521,G,T,0.4375,144
Leptoria_contig015,Leptoria_contig015:18251533,C,T,0.381944,144
Leptoria_contig015,Leptoria_contig015:18251572,T,C,0.0555556,144
Leptoria_contig015,Leptoria_contig015:18251574,G,C,0.152778,144
Leptoria_contig015,Leptoria_contig015:18251578,G,A,0.125,144
Leptoria_contig015,Leptoria_contig015:18251699,G,A,0.0763889,144
Leptoria_contig015,Leptoria_contig015:18251707,T,A,0.152778,144
Leptoria_contig015,Leptoria_contig015:18251711,T,C,0.222222,144
Leptoria_contig015,Leptoria_contig015:18251759,T,C,0.0555556,144
Leptoria_contig015,Leptoria_contig015:19516958,A,T,0.0902778,144
Leptoria_contig015,Leptoria_contig015:19517157,A,C,0.701389,144
Leptoria_contig015,Leptoria_contig015:19517184,A,T,0.118056,144
Leptoria_contig016,Leptoria_contig016:612269,C,G,0.208333,144
Leptoria_contig016,Leptoria_contig016:612284,G,A,0.104167,144
Leptoria_contig016,Leptoria_contig016:612292,A,G,0.0902778,144
Leptoria_contig016,Leptoria_contig016:612308,T,A,0.222222,144
Leptoria_contig016,Leptoria_contig016:612312,T,C,0.430556,144
Leptoria_contig016,Leptoria_contig016:612317,G,A,0.208333,144
Leptoria_contig016,Leptoria_contig016:612318,C,G,0.25,144
Leptoria_contig016,Leptoria_contig016:612324,C,T,0.0902778,144
Leptoria_contig016,Leptoria_contig016:612332,C,T,0.25,144
Leptoria_contig016,Leptoria_contig016:612333,C,T,0.0555556,144
Leptoria_contig016,Leptoria_contig016:612339,C,G,0.243056,144
Leptoria_contig016,Leptoria_contig016:2600019,A,G,0.145833,144
Leptoria_contig016,Leptoria_contig016:2600043,A,G,0.104167,144
Leptoria_contig016,Leptoria_contig016:2600065,G,T,0.145833,144
Leptoria_contig016,Leptoria_contig016:2600195,A,T,0.104167,144
Leptoria_contig016,Leptoria_contig016:8220427,T,C,0.0694444,144
Leptoria_contig016,Leptoria_contig016:8220450,G,A,0.0694444,144
Leptoria_contig016,Leptoria_contig016:8404794,T,A,0.597222,144
Leptoria_contig016,Leptoria_contig016:8404803,A,G,0.555556,144
Leptoria_contig016,Leptoria_contig016:8404806,G,A,0.555556,144
Leptoria_contig016,Leptoria_contig016:8404809,T,C,0.354167,144
Leptoria_contig016,Leptoria_contig016:8404823,C,A,0.548611,144
Leptoria_contig016,Leptoria_contig016:8404826,A,G,0.548611,144
Leptoria_contig016,Leptoria_contig016:8404984,C,A,0.430556,144
Leptoria_contig016,Leptoria_contig016:8404985,C,T,0.229167,144
Leptoria_contig016,Leptoria_contig016:8405003,T,C,0.555556,144
Leptoria_contig016,Leptoria_contig016:8405010,C,A,0.555556,144
Leptoria_contig016,Leptoria_contig016:15665327,T,C,0.458333,144
Leptoria_contig016,Leptoria_contig016:17090399,A,G,0.0625,144
Leptoria_contig016,Leptoria_contig016:17090417,G,A,0.0625,144
Leptoria_contig016,Leptoria_contig016:18462429,A,G,0.208333,144
Leptoria_contig016,Leptoria_contig016:18462628,G,A,0.0972222,144
Leptoria_contig016,Leptoria_contig016:18462629,T,C,0.0972222,144
Leptoria_contig016,Leptoria_contig016:19438481,C,T,0.284722,144
Leptoria_contig016,Leptoria_contig016:19438482,A,G,0.1875,144
Leptoria_contig016,Leptoria_contig016:19438485,A,G,0.0694444,144
Leptoria_contig017,Leptoria_contig017:5759116,G,A,0.0625,144
Leptoria_contig017,Leptoria_contig017:5759132,T,A,0.381944,144
Leptoria_contig017,Leptoria_contig017:5759152,T,C,0.381944,144
Leptoria_contig017,Leptoria_contig017:6307735,C,G,0.0555556,144
Leptoria_contig017,Leptoria_contig017:6307739,T,C,0.0555556,144
Leptoria_contig017,Leptoria_contig017:13510014,A,T,0.111111,144
Leptoria_contig017,Leptoria_contig017:13510184,A,G,0.0763889,144
Leptoria_contig017,Leptoria_contig017:14726073,T,C,0.0972222,144
Leptoria_contig017,Leptoria_contig017:14726074,T,G,0.0972222,144
Leptoria_contig017,Leptoria_contig017:14726094,A,G,0.0972222,144
Leptoria_contig017,Leptoria_contig017:19282538,G,A,0.409091,88
Leptoria_contig018,Leptoria_contig018:522381,C,T,0.0555556,144
Leptoria_contig018,Leptoria_contig018:522463,A,G,0.0694444,144
Leptoria_contig018,Leptoria_contig018:522480,C,G,0.138889,144
Leptoria_contig018,Leptoria_contig018:8262753,G,A,0.888889,144
Leptoria_contig018,Leptoria_contig018:8262834,T,C,0.354167,144
Leptoria_contig018,Leptoria_contig018:8262960,C,A,0.3125,144
Leptoria_contig018,Leptoria_contig018:9012843,C,T,0.0763889,144
Leptoria_contig018,Leptoria_contig018:9019892,T,C,0.104167,144
Leptoria_contig018,Leptoria_contig018:10053241,T,C,0.0555556,144
Leptoria_contig018,Leptoria_contig018:10053316,C,A,0.0902778,144
Leptoria_contig018,Leptoria_contig018:10371784,C,T,0.354167,144
Leptoria_contig018,Leptoria_contig018:10371809,T,G,0.833333,144
Leptoria_contig018,Leptoria_contig018:10371920,C,T,0.409722,144
Leptoria_contig018,Leptoria_contig018:10371924,G,T,0.0902778,144
Leptoria_contig018,Leptoria_contig018:11497327,C,T,0.0625,144
Leptoria_contig018,Leptoria_contig018:11497479,C,T,0.0694444,144
Leptoria_contig018,Leptoria_contig018:12142274,C,G,0.347222,144
Leptoria_contig018,Leptoria_contig018:12142286,G,T,0.361111,144
Leptoria_contig018,Leptoria_contig018:12142325,C,T,0.1875,144
Leptoria_contig018,Leptoria_contig018:12142358,G,A,0.0763889,144
Leptoria_contig018,Leptoria_contig018:12142475,A,G,0.222222,144
Leptoria_contig018,Leptoria_contig018:12142534,A,C,0.0555556,144
Leptoria_contig018,Leptoria_contig018:12142561,G,A,0.194444,144
Leptoria_contig018,Leptoria_contig018:12146909,A,G,0.180556,144
Leptoria_contig018,Leptoria_contig018:12147128,C,T,0.0763889,144
Leptoria_contig018,Leptoria_contig018:12147184,C,T,0.694444,144
Leptoria_contig018,Leptoria_contig018:12175371,T,C,0.0902778,144
Leptoria_contig018,Leptoria_contig018:12175391,T,A,0.486111,144
Leptoria_contig018,Leptoria_contig018:12175531,A,T,0.0902778,144
Leptoria_contig018,Leptoria_contig018:12175553,G,A,0.743056,144
Leptoria_contig018,Leptoria_contig018:12175563,G,A,0.458333,144
Leptoria_contig018,Leptoria_contig018:12175575,G,A,0.138889,144
Leptoria_contig018,Leptoria_contig018:12175589,C,T,0.458333,144
Leptoria_contig018,Leptoria_contig018:13025877,C,T,0.305556,144
Leptoria_contig018,Leptoria_contig018:13026098,C,T,0.305556,144
Leptoria_contig018,Leptoria_contig018:13124694,C,T,0.444444,144
Leptoria_contig018,Leptoria_contig018:13163638,C,T,0.173611,144
Leptoria_contig018,Leptoria_contig018:13163662,G,A,0.288889,90
Leptoria_contig018,Leptoria_contig018:13163670,C,T,0.1875,144
Leptoria_contig018,Leptoria_contig018:13163675,T,C,0.270833,144
Leptoria_contig018,Leptoria_contig018:13163848,T,A,0.151163,86
Leptoria_contig018,Leptoria_contig018:13163850,G,C,0.453488,86
Leptoria_contig018,Leptoria_contig018:13163853,C,T,0.302326,86
Leptoria_contig018,Leptoria_contig018:13600293,C,T,0.291667,144
Leptoria_contig018,Leptoria_contig018:13600328,G,A,0.375,144
Leptoria_contig018,Leptoria_contig018:13600376,T,A,0.319444,144
Leptoria_contig018,Leptoria_contig018:17494562,T,G,0.0555556,144
Leptoria_contig018,Leptoria_contig018:17494572,A,T,0.666667,144
Leptoria_contig018,Leptoria_contig018:17494646,T,C,0.659722,144
Leptoria_contig018,Leptoria_contig018:17494678,T,C,0.659722,144
Leptoria_contig018,Leptoria_contig018:17494744,A,T,0.659722,144
Leptoria_contig019,Leptoria_contig019:67088,C,T,0.506944,144
Leptoria_contig019,Leptoria_contig019:1069356,A,C,0.138889,144
Leptoria_contig019,Leptoria_contig019:1069361,A,G,0.263889,144
Leptoria_contig019,Leptoria_contig019:1069370,G,A,0.472222,144
Leptoria_contig019,Leptoria_contig019:1069376,G,T,0.270833,144
Leptoria_contig019,Leptoria_contig019:1069545,C,T,0.5,144
Leptoria_contig019,Leptoria_contig019:2610242,G,A,0.222222,144
Leptoria_contig019,Leptoria_contig019:2610252,T,C,0.368056,144
Leptoria_contig019,Leptoria_contig019:5366861,T,C,0.340278,144
Leptoria_contig019,Leptoria_contig019:5843508,T,A,0.215278,144
Leptoria_contig019,Leptoria_contig019:5843525,A,G,0.166667,144
Leptoria_contig019,Leptoria_contig019:8426418,T,C,0.0902778,144
Leptoria_contig019,Leptoria_contig019:8426562,C,T,0.111111,144
Leptoria_contig019,Leptoria_contig019:8426571,T,C,0.111111,144
Leptoria_contig019,Leptoria_contig019:8426576,T,C,0.486111,144
Leptoria_contig019,Leptoria_contig019:8426607,G,A,0.118056,144
Leptoria_contig019,Leptoria_contig019:8426610,C,A,0.145833,144
Leptoria_contig019,Leptoria_contig019:9538425,T,G,0.111111,144
Leptoria_contig019,Leptoria_contig019:9538459,C,A,0.0972222,144
Leptoria_contig019,Leptoria_contig019:9538471,G,A,0.0902778,144
Leptoria_contig019,Leptoria_contig019:9960358,G,A,0.354167,144
Leptoria_contig019,Leptoria_contig019:11264810,A,T,0.159722,144
Leptoria_contig019,Leptoria_contig019:11264814,T,A,0.340278,144
Leptoria_contig019,Leptoria_contig019:11264870,T,C,0.0763889,144
Leptoria_contig019,Leptoria_contig019:11265004,G,C,0.215278,144
Leptoria_contig019,Leptoria_contig019:11265051,G,"A,C","0.222222,0.118056",144
Leptoria_contig019,Leptoria_contig019:11265060,G,A,0.0763889,144
Leptoria_contig019,Leptoria_contig019:13927303,T,G,0.763889,144
Leptoria_contig019,Leptoria_contig019:14302739,G,C,0.346154,26
Leptoria_contig019,Leptoria_contig019:14410159,A,G,0.319444,144
Leptoria_contig019,Leptoria_contig019:14410161,A,G,0.409722,144
Leptoria_contig019,Leptoria_contig019:14410162,C,T,0.319444,144
Leptoria_contig019,Leptoria_contig019:14410166,C,A,0.319444,144
Leptoria_contig019,Leptoria_contig019:14410184,T,G,0.388889,144
Leptoria_contig019,Leptoria_contig019:14410195,C,T,0.319444,144
Leptoria_contig019,Leptoria_contig019:14410196,T,C,0.409722,144
Leptoria_contig019,Leptoria_contig019:14410198,A,G,0.319444,144
Leptoria_contig019,Leptoria_contig019:14410206,C,T,0.395833,144
Leptoria_contig019,Leptoria_contig019:14410208,C,T,0.395833,144
Leptoria_contig019,Leptoria_contig019:14410336,T,G,0.5625,144
Leptoria_contig019,Leptoria_contig019:14410360,C,T,0.743056,144
Leptoria_contig019,Leptoria_contig019:14410363,T,C,0.409722,144
Leptoria_contig019,Leptoria_contig019:14410365,A,G,0.409722,144
Leptoria_contig019,Leptoria_contig019:14410366,A,C,0.388889,144
Leptoria_contig019,Leptoria_contig019:14410378,T,C,0.75,144
Leptoria_contig019,Leptoria_contig019:14410379,G,A,0.416667,144
Leptoria_contig019,Leptoria_contig019:14410387,T,C,0.6875,144
Leptoria_contig019,Leptoria_contig019:14410396,T,C,0.388889,144
Leptoria_contig019,Leptoria_contig019:14410397,G,T,0.388889,144
Leptoria_contig019,Leptoria_contig019:14410404,C,G,0.395833,144
Leptoria_contig019,Leptoria_contig019:14410413,C,T,0.395833,144
Leptoria_contig019,Leptoria_contig019:14658496,G,A,0.145833,144
Leptoria_contig019,Leptoria_contig019:14658676,A,G,0.145833,144
Leptoria_contig019,Leptoria_contig019:16046701,A,T,0.173611,144
Leptoria_contig019,Leptoria_contig019:16046710,G,A,0.138889,144
Leptoria_contig019,Leptoria_contig019:16046712,A,G,0.0694444,144
Leptoria_contig019,Leptoria_contig019:16889336,C,T,0.451389,144
Leptoria_contig019,Leptoria_contig019:16889409,C,T,0.458333,144
Leptoria_contig019,Leptoria_contig019:17433239,A,C,0.5,144
Leptoria_contig019,Leptoria_contig019:17975355,G,C,0.25,144
Leptoria_contig019,Leptoria_contig019:18023854,T,C,0.520833,144
Leptoria_contig019,Leptoria_contig019:18205245,G,A,0.131944,144
Leptoria_contig019,Leptoria_contig019:18205369,T,C,0.131944,144
Leptoria_contig019,Leptoria_contig019:18205403,C,T,0.138889,144
Leptoria_contig019,Leptoria_contig019:18205463,A,T,0.131944,144
Leptoria_contig020,Leptoria_contig020:1092456,G,C,0.236111,144
Leptoria_contig020,Leptoria_contig020:1092458,T,C,0.861111,144
Leptoria_contig020,Leptoria_contig020:1092491,T,C,0.854167,144
Leptoria_contig020,Leptoria_contig020:8969892,T,C,0.232394,142
Leptoria_contig020,Leptoria_contig020:8969899,T,A,0.225352,142
Leptoria_contig020,Leptoria_contig020:15278364,C,T,0.395833,144
Leptoria_contig020,Leptoria_contig020:15302798,C,A,0.451389,144
Leptoria_contig020,Leptoria_contig020:15302815,T,G,0.402778,144
Leptoria_contig020,Leptoria_contig020:15302831,T,A,0.305556,144
Leptoria_contig020,Leptoria_contig020:15837179,A,G,0.0555556,144
Leptoria_contig020,Leptoria_contig020:15837181,G,A,0.0555556,144
Leptoria_contig020,Leptoria_contig020:15837189,G,A,0.0555556,144
Leptoria_contig020,Leptoria_contig020:15837197,T,A,0.0555556,144
Leptoria_contig020,Leptoria_contig020:15837214,C,A,0.458333,144
Leptoria_contig020,Leptoria_contig020:15837222,G,A,0.451389,144
Leptoria_contig020,Leptoria_contig020:15837223,G,A,0.208333,144
Leptoria_contig020,Leptoria_contig020:15837229,G,A,0.430556,144
Leptoria_contig020,Leptoria_contig020:15837231,A,C,0.0555556,144
Leptoria_contig020,Leptoria_contig020:16771934,C,T,0.409722,144
Leptoria_contig020,Leptoria_contig020:16771939,G,A,0.215278,144
Leptoria_contig020,Leptoria_contig020:16771943,A,G,0.111111,144
Leptoria_contig020,Leptoria_contig020:16771973,A,T,0.215278,144
Leptoria_contig020,Leptoria_contig020:16772084,T,C,0.555556,144
Leptoria_contig020,Leptoria_contig020:16772089,T,C,0.173611,144
Leptoria_contig020,Leptoria_contig020:16772161,A,C,0.166667,144
Leptoria_contig020,Leptoria_contig020:16772163,G,A,0.659722,144
Leptoria_contig021,Leptoria_contig021:6529548,A,G,0.111111,144
Leptoria_contig021,Leptoria_contig021:6529610,G,A,0.1875,144
Leptoria_contig021,Leptoria_contig021:6529701,T,A,0.506944,144
Leptoria_contig021,Leptoria_contig021:6529719,A,G,0.0694444,144
Leptoria_contig021,Leptoria_contig021:8178900,C,G,0.0625,144
Leptoria_contig021,Leptoria_contig021:8179190,A,C,0.173611,144
Leptoria_contig021,Leptoria_contig021:8179192,T,A,0.0763889,144
Leptoria_contig021,Leptoria_contig021:8179349,C,T,0.326389,144
Leptoria_contig021,Leptoria_contig021:8179356,A,T,0.326389,144
Leptoria_contig021,Leptoria_contig021:8179377,T,G,0.305556,144
Leptoria_contig021,Leptoria_contig021:8179388,C,T,0.305556,144
Leptoria_contig021,Leptoria_contig021:12607369,C,G,0.0972222,144
Leptoria_contig021,Leptoria_contig021:12607379,C,A,0.180556,144
Leptoria_contig021,Leptoria_contig021:12607381,T,G,0.452381,126
Leptoria_contig021,Leptoria_contig021:15469724,G,"A,T","0.0694444,0.145833",144
Leptoria_contig022,Leptoria_contig022:2213679,A,G,0.25,144
Leptoria_contig022,Leptoria_contig022:2452519,T,C,0.0694444,144
Leptoria_contig022,Leptoria_contig022:2452526,T,C,0.152778,144
Leptoria_contig022,Leptoria_contig022:2452678,G,A,0.152778,144
Leptoria_contig022,Leptoria_contig022:2452719,G,T,0.104167,144
Leptoria_contig022,Leptoria_contig022:2452720,T,C,0.576389,144
Leptoria_contig022,Leptoria_contig022:2452724,C,A,0.520833,144
Leptoria_contig022,Leptoria_contig022:2452727,T,G,0.0972222,144
Leptoria_contig022,Leptoria_contig022:4836151,T,C,0.465278,144
Leptoria_contig022,Leptoria_contig022:4836157,C,T,0.0625,144
Leptoria_contig022,Leptoria_contig022:4836158,A,T,0.465278,144
Leptoria_contig022,Leptoria_contig022:4836161,A,G,0.465278,144
Leptoria_contig022,Leptoria_contig022:4836198,C,A,0.0625,144
Leptoria_contig022,Leptoria_contig022:4836212,C,T,0.0625,144
Leptoria_contig022,Leptoria_contig022:4836290,T,C,0.4375,144
Leptoria_contig022,Leptoria_contig022:4836301,A,G,0.0625,144
Leptoria_contig022,Leptoria_contig022:4836311,A,T,0.909722,144
Leptoria_contig022,Leptoria_contig022:4836313,C,A,0.0625,144
Leptoria_contig022,Leptoria_contig022:4836338,C,T,0.0625,144
Leptoria_contig022,Leptoria_contig022:4836364,G,A,0.0625,144
Leptoria_contig022,Leptoria_contig022:6653616,C,T,0.111111,144
Leptoria_contig022,Leptoria_contig022:6653624,G,T,0.111111,144
Leptoria_contig022,Leptoria_contig022:6653876,A,T,0.178571,112
Leptoria_contig022,Leptoria_contig022:6653887,G,A,0.701389,144
Leptoria_contig022,Leptoria_contig022:7175069,C,T,0.305556,144
Leptoria_contig022,Leptoria_contig022:8211036,A,G,0.284722,144
Leptoria_contig022,Leptoria_contig022:8211043,A,T,0.284722,144
Leptoria_contig022,Leptoria_contig022:8211069,G,A,0.0833333,144
Leptoria_contig022,Leptoria_contig022:8211085,A,G,0.916667,144
Leptoria_contig022,Leptoria_contig022:8211198,G,A,0.0833333,144
Leptoria_contig022,Leptoria_contig022:8211221,G,A,0.916667,144
Leptoria_contig022,Leptoria_contig022:8211237,G,T,0.0833333,144
Leptoria_contig022,Leptoria_contig022:8211238,A,C,0.0833333,144
Leptoria_contig022,Leptoria_contig022:8211270,A,T,0.111111,144
Leptoria_contig022,Leptoria_contig022:8211275,C,G,0.284722,144
Leptoria_contig022,Leptoria_contig022:12449273,C,T,0.277778,144
Leptoria_contig022,Leptoria_contig022:12449402,T,C,0.0902778,144
Leptoria_contig022,Leptoria_contig022:12449474,G,T,0.444444,144
Leptoria_contig022,Leptoria_contig022:14754187,T,C,0.104167,144
Leptoria_contig022,Leptoria_contig022:14754227,C,T,0.0625,144
Leptoria_contig022,Leptoria_contig022:14754272,T,C,0.0972222,144
Leptoria_contig022,Leptoria_contig022:14754453,A,G,0.104167,144
Leptoria_contig023,Leptoria_contig023:1255174,C,T,0.284722,144
Leptoria_contig023,Leptoria_contig023:1255183,A,G,0.0972222,144
Leptoria_contig023,Leptoria_contig023:1255219,A,T,0.125,144
Leptoria_contig023,Leptoria_contig023:1255399,G,A,0.0625,144
Leptoria_contig023,Leptoria_contig023:1255418,C,G,0.0972222,144
Leptoria_contig023,Leptoria_contig023:1255440,T,C,0.0972222,144
Leptoria_contig023,Leptoria_contig023:3099106,A,C,0.269231,52
Leptoria_contig023,Leptoria_contig023:3189941,A,T,0.847222,144
Leptoria_contig023,Leptoria_contig023:3189944,T,A,0.125,144
Leptoria_contig023,Leptoria_contig023:3189945,G,A,0.125,144
Leptoria_contig023,Leptoria_contig023:5676360,C,A,0.388889,144
Leptoria_contig023,Leptoria_contig023:5676383,T,A,0.388889,144
Leptoria_contig023,Leptoria_contig023:5676428,G,C,0.3125,144
Leptoria_contig023,Leptoria_contig023:9085986,G,C,0.194444,144
Leptoria_contig023,Leptoria_contig023:9086006,G,A,0.381944,144
Leptoria_contig023,Leptoria_contig023:9086067,A,G,0.0625,144
Leptoria_contig023,Leptoria_contig023:11423754,G,T,0.354167,144
Leptoria_contig023,Leptoria_contig023:11423766,T,G,0.263889,144
Leptoria_contig023,Leptoria_contig023:11423824,G,C,0.479167,144
Leptoria_contig023,Leptoria_contig023:11423831,C,T,0.472222,144
Leptoria_contig023,Leptoria_contig023:11423909,C,T,0.416667,144
Leptoria_contig023,Leptoria_contig023:11423915,C,G,0.513889,144
Leptoria_contig023,Leptoria_contig023:11423921,C,T,0.416667,144
Leptoria_contig023,Leptoria_contig023:11423983,T,C,0.486111,144
Leptoria_contig023,Leptoria_contig023:11423992,C,T,0.472222,144
Leptoria_contig023,Leptoria_contig023:11712508,C,G,0.0694444,144
Leptoria_contig023,Leptoria_contig023:11987501,C,A,0.319444,144
Leptoria_contig023,Leptoria_contig023:11987516,C,G,0.201389,144
Leptoria_contig023,Leptoria_contig023:13519869,G,A,0.284722,144
Leptoria_contig023,Leptoria_contig023:14338843,G,A,0.111111,144
Leptoria_contig024,Leptoria_contig024:1097377,T,C,0.868056,144
Leptoria_contig024,Leptoria_contig024:1097593,A,G,0.208333,144
Leptoria_contig024,Leptoria_contig024:5025560,A,G,0.402778,144
Leptoria_contig024,Leptoria_contig024:5025581,G,A,0.0763889,144
Leptoria_contig024,Leptoria_contig024:5025798,A,G,0.0625,144
Leptoria_contig024,Leptoria_contig024:5025804,G,A,0.0625,144
Leptoria_contig024,Leptoria_contig024:5373603,G,A,0.194444,144
Leptoria_contig024,Leptoria_contig024:5373611,A,T,0.388889,144
Leptoria_contig024,Leptoria_contig024:5681578,T,C,0.0555556,144
Leptoria_contig024,Leptoria_contig024:9853247,G,A,0.520833,144
Leptoria_contig024,Leptoria_contig024:9853260,G,A,0.409722,144
Leptoria_contig024,Leptoria_contig024:9853275,T,C,0.0555556,144
Leptoria_contig024,Leptoria_contig024:9853474,A,G,0.847222,144
Leptoria_contig024,Leptoria_contig024:9853475,A,G,0.222222,144
Leptoria_contig024,Leptoria_contig024:9853483,G,A,0.520833,144
Leptoria_contig024,Leptoria_contig024:10524901,G,A,0.527778,144
Leptoria_contig024,Leptoria_contig024:10525022,C,T,0.388889,144
Leptoria_contig024,Leptoria_contig024:10525028,A,C,0.527778,144
Leptoria_contig024,Leptoria_contig024:10525032,G,T,0.527778,144
Leptoria_contig024,Leptoria_contig024:10525043,A,T,0.527778,144
Leptoria_contig024,Leptoria_contig024:10525047,G,A,0.527778,144
Leptoria_contig024,Leptoria_contig024:10525052,T,A,0.895833,144
Leptoria_contig024,Leptoria_contig024:10525054,A,G,0.527778,144
Leptoria_contig024,Leptoria_contig024:10525067,T,G,0.527778,144
Leptoria_contig024,Leptoria_contig024:10525082,T,C,0.527778,144
Leptoria_contig024,Leptoria_contig024:14792385,C,T,0.0972222,144
Leptoria_contig024,Leptoria_contig024:14792555,T,C,0.104167,144
Leptoria_contig025,Leptoria_contig025:1275739,T,A,0.125,144
Leptoria_contig025,Leptoria_contig025:1275747,T,C,0.125,144
Leptoria_contig025,Leptoria_contig025:1275762,A,T,0.131944,144
Leptoria_contig025,Leptoria_contig025:1275787,C,T,0.131944,144
Leptoria_contig025,Leptoria_contig025:1275803,G,T,0.131944,144
Leptoria_contig025,Leptoria_contig025:1275896,C,T,0.131944,144
Leptoria_contig025,Leptoria_contig025:1275904,T,C,0.131944,144
Leptoria_contig025,Leptoria_contig025:1275930,A,G,0.131944,144
Leptoria_contig025,Leptoria_contig025:1275942,C,A,0.131944,144
Leptoria_contig025,Leptoria_contig025:1275963,T,G,0.125,144
Leptoria_contig025,Leptoria_contig025:1275979,A,G,0.131944,144
Leptoria_contig025,Leptoria_contig025:1275981,C,A,0.131944,144
Leptoria_contig025,Leptoria_contig025:1275998,A,C,0.131944,144
Leptoria_contig025,Leptoria_contig025:3697259,C,T,0.381944,144
Leptoria_contig025,Leptoria_contig025:3697275,T,C,0.0555556,144
Leptoria_contig025,Leptoria_contig025:3697282,C,T,0.0555556,144
Leptoria_contig025,Leptoria_contig025:3697329,T,C,0.0555556,144
Leptoria_contig025,Leptoria_contig025:3904996,C,A,0.458333,144
Leptoria_contig025,Leptoria_contig025:3905023,G,C,0.479167,144
Leptoria_contig025,Leptoria_contig025:3905034,A,C,0.256944,144
Leptoria_contig025,Leptoria_contig025:3905058,G,C,0.479167,144
Leptoria_contig025,Leptoria_contig025:7196219,C,T,0.784722,144
Leptoria_contig025,Leptoria_contig025:7196378,T,C,0.875,144
Leptoria_contig025,Leptoria_contig025:7196400,G,A,0.868056,144
Leptoria_contig025,Leptoria_contig025:7196405,A,T,0.868056,144
Leptoria_contig025,Leptoria_contig025:7196422,C,T,0.784722,144
Leptoria_contig025,Leptoria_contig025:7674940,G,C,0.195652,46
Leptoria_contig025,Leptoria_contig025:7674972,C,G,0.145833,144
Leptoria_contig025,Leptoria_contig025:7674975,A,G,0.145833,144
Leptoria_contig025,Leptoria_contig025:12734138,C,A,0.0763889,144
Leptoria_contig025,Leptoria_contig025:13727100,G,A,0.305556,144
Leptoria_contig025,Leptoria_contig025:13727112,A,G,0.270833,144
Leptoria_contig025,Leptoria_contig025:13727160,G,A,0.0902778,144
Leptoria_contig025,Leptoria_contig025:13727339,C,G,0.3125,144
Leptoria_contig025,Leptoria_contig025:13727354,T,A,0.3125,144
Leptoria_contig026,Leptoria_contig026:2864564,A,C,0.270833,144
Leptoria_contig026,Leptoria_contig026:2864586,C,T,0.368056,144
Leptoria_contig026,Leptoria_contig026:7519273,C,A,0.583333,144
Leptoria_contig026,Leptoria_contig026:7519274,G,A,0.583333,144
Leptoria_contig026,Leptoria_contig026:7519286,A,G,0.645833,144
Leptoria_contig026,Leptoria_contig026:7519384,G,A,0.604167,144
Leptoria_contig026,Leptoria_contig026:7519410,C,A,0.0972222,144
Leptoria_contig026,Leptoria_contig026:7519415,G,A,0.0902778,144
Leptoria_contig026,Leptoria_contig026:7519418,C,T,0.701389,144
Leptoria_contig026,Leptoria_contig026:10280453,A,T,0.0902778,144
Leptoria_contig026,Leptoria_contig026:10280643,G,A,0.180556,144
Leptoria_contig026,Leptoria_contig026:10280645,C,A,0.180556,144
Leptoria_contig026,Leptoria_contig026:10280666,C,T,0.0763889,144
Leptoria_contig028,Leptoria_contig028:764143,A,G,0.868056,144
Leptoria_contig028,Leptoria_contig028:2289592,G,A,0.0625,144
Leptoria_contig028,Leptoria_contig028:4301767,A,C,0.381944,144
Leptoria_contig028,Leptoria_contig028:4301899,T,A,0.618056,144
Leptoria_contig028,Leptoria_contig028:4301944,C,G,0.0694444,144
Leptoria_contig028,Leptoria_contig028:4301969,C,T,0.0555556,144
Leptoria_contig028,Leptoria_contig028:5607833,C,A,0.5,144
Leptoria_contig028,Leptoria_contig028:5607856,C,T,0.5,144
Leptoria_contig028,Leptoria_contig028:5608008,T,G,0.902778,144
Leptoria_contig028,Leptoria_contig028:5684377,G,A,0.0763889,144
Leptoria_contig028,Leptoria_contig028:5684390,G,T,0.326389,144
Leptoria_contig028,Leptoria_contig028:5684395,G,A,0.326389,144
Leptoria_contig028,Leptoria_contig028:9337109,A,G,0.423611,144
Leptoria_contig028,Leptoria_contig028:9337123,T,G,0.0694444,144
Leptoria_contig028,Leptoria_contig028:9337302,T,C,0.673611,144
Leptoria_contig028,Leptoria_contig028:9337316,T,C,0.423611,144
Leptoria_contig028,Leptoria_contig028:9337320,A,T,0.0694444,144
Leptoria_contig029,Leptoria_contig029:706383,G,A,0.333333,144
Leptoria_contig029,Leptoria_contig029:1567924,G,C,0.458333,144
Leptoria_contig029,Leptoria_contig029:1567926,T,C,0.138889,144
Leptoria_contig029,Leptoria_contig029:2020451,A,G,0.118056,144
Leptoria_contig029,Leptoria_contig029:2020469,T,C,0.0555556,144
Leptoria_contig029,Leptoria_contig029:2020486,C,T,0.0555556,144
Leptoria_contig029,Leptoria_contig029:2020490,G,A,0.159722,144
Leptoria_contig029,Leptoria_contig029:2020518,T,A,0.118056,144
Leptoria_contig029,Leptoria_contig029:2020601,G,A,0.0763889,144
Leptoria_contig029,Leptoria_contig029:2020641,A,G,0.333333,144
Leptoria_contig029,Leptoria_contig029:2020684,G,A,0.118056,144
Leptoria_contig029,Leptoria_contig029:9259154,G,T,0.680556,144
Leptoria_contig029,Leptoria_contig029:9259169,A,T,0.298611,144
Leptoria_contig029,Leptoria_contig029:9259175,A,G,0.305556,144
Leptoria_contig029,Leptoria_contig029:9259322,A,C,0.0833333,144
Leptoria_contig029,Leptoria_contig029:9259338,C,A,0.256944,144
Leptoria_contig029,Leptoria_contig029:9274174,G,A,0.347222,144
Leptoria_contig029,Leptoria_contig029:9274225,A,G,0.333333,144
Leptoria_contig029,Leptoria_contig029:9530520,A,G,0.423611,144
Leptoria_contig029,Leptoria_contig029:9530521,C,T,0.0555556,144
Leptoria_contig029,Leptoria_contig029:10013121,C,T,0.0625,144
Leptoria_contig029,Leptoria_contig029:10013152,G,T,0.229167,144
Leptoria_contig029,Leptoria_contig029:10013279,T,C,0.0555556,144
Leptoria_contig030,Leptoria_contig030:1292854,C,T,0.201389,144
Leptoria_contig030,Leptoria_contig030:2124024,G,A,0.5,144
Leptoria_contig030,Leptoria_contig030:2124036,T,C,0.486111,144
Leptoria_contig030,Leptoria_contig030:2124054,T,C,0.0555556,144
Leptoria_contig030,Leptoria_contig030:2124064,A,G,0.0555556,144
Leptoria_contig030,Leptoria_contig030:2124067,T,A,0.0555556,144
Leptoria_contig030,Leptoria_contig030:2124229,A,G,0.534722,144
Leptoria_contig030,Leptoria_contig030:4064191,A,G,0.0902778,144
Leptoria_contig030,Leptoria_contig030:4064281,T,C,0.236111,144
Leptoria_contig030,Leptoria_contig030:4410987,T,A,0.0972222,144
Leptoria_contig030,Leptoria_contig030:4411052,A,T,0.131944,144
Leptoria_contig030,Leptoria_contig030:9668421,G,A,0.111111,144
Leptoria_contig030,Leptoria_contig030:9668434,G,A,0.138889,144
Leptoria_contig030,Leptoria_contig030:9668467,G,"C,T","0.138889,0.1875",144
Leptoria_contig031,Leptoria_contig031:407283,A,C,0.444444,144
Leptoria_contig031,Leptoria_contig031:888446,G,C,0.326389,144
Leptoria_contig031,Leptoria_contig031:888456,T,C,0.347222,144
Leptoria_contig031,Leptoria_contig031:888472,T,G,0.256944,144
Leptoria_contig031,Leptoria_contig031:888688,A,C,0.111111,144
Leptoria_contig031,Leptoria_contig031:1272082,G,A,0.298611,144
Leptoria_contig031,Leptoria_contig031:1272085,C,T,0.388889,144
Leptoria_contig031,Leptoria_contig031:1273018,C,A,0.409722,144
Leptoria_contig031,Leptoria_contig031:1273034,C,T,0.527778,144
Leptoria_contig031,Leptoria_contig031:1273045,C,T,0.145833,144
Leptoria_contig031,Leptoria_contig031:2670597,A,T,0.111111,144
Leptoria_contig031,Leptoria_contig031:2670606,G,T,0.159722,144
Leptoria_contig031,Leptoria_contig031:2670785,G,C,0.0694444,144
Leptoria_contig031,Leptoria_contig031:9013214,T,C,0.5,44
Leptoria_contig031,Leptoria_contig031:9013350,G,A,0.306818,88
Leptoria_contig031,Leptoria_contig031:9013363,G,T,0.306818,88
Leptoria_contig031,Leptoria_contig031:9013364,G,A,0.306818,88
Leptoria_contig031,Leptoria_contig031:9013365,A,T,0.306818,88
Leptoria_contig031,Leptoria_contig031:9013368,C,G,0.306818,88
Leptoria_contig031,Leptoria_contig031:9013398,G,T,0.256944,144
Leptoria_contig031,Leptoria_contig031:9013404,G,T,0.263889,144
Leptoria_contig031,Leptoria_contig031:10561001,T,A,0.486111,144
Leptoria_contig031,Leptoria_contig031:10561006,G,A,0.256944,144
Leptoria_contig031,Leptoria_contig031:10561210,A,T,0.291667,144
Leptoria_contig031,Leptoria_contig031:10561214,A,G,0.0972222,144
Leptoria_contig031,Leptoria_contig031:10561244,G,C,0.486111,144
Leptoria_contig032,Leptoria_contig032:1690750,C,T,0.472222,144
Leptoria_contig032,Leptoria_contig032:1696242,C,T,0.159722,144
Leptoria_contig032,Leptoria_contig032:1956685,A,G,0.673611,144
Leptoria_contig032,Leptoria_contig032:1956699,C,G,0.368056,144
Leptoria_contig032,Leptoria_contig032:1956703,G,C,0.222222,144
Leptoria_contig032,Leptoria_contig032:1956722,C,T,0.159722,144
Leptoria_contig032,Leptoria_contig032:1956953,A,T,0.451389,144
Leptoria_contig032,Leptoria_contig032:1956972,T,C,0.944444,144
Leptoria_contig032,Leptoria_contig032:1956975,C,T,0.381944,144
Leptoria_contig032,Leptoria_contig032:3064284,G,A,0.0555556,144
Leptoria_contig032,Leptoria_contig032:3064325,A,G,0.0972222,144
Leptoria_contig032,Leptoria_contig032:6060714,G,C,0.284722,144
Leptoria_contig032,Leptoria_contig032:6060754,A,T,0.194444,144
Leptoria_contig032,Leptoria_contig032:6060896,T,C,0.0763889,144
Leptoria_contig033,Leptoria_contig033:5321098,G,T,0.166667,144
Leptoria_contig033,Leptoria_contig033:5321099,G,T,0.166667,144
Leptoria_contig033,Leptoria_contig033:5321149,T,C,0.166667,144
Leptoria_contig033,Leptoria_contig033:5321297,A,T,0.590278,144
Leptoria_contig033,Leptoria_contig033:5321300,A,T,0.284722,144
Leptoria_contig033,Leptoria_contig033:5321305,C,G,0.388889,144
Leptoria_contig033,Leptoria_contig033:5336186,C,T,0.493056,144
Leptoria_contig033,Leptoria_contig033:5336396,T,G,0.0763889,144
Leptoria_contig033,Leptoria_contig033:5336402,G,A,0.0763889,144
Leptoria_contig033,Leptoria_contig033:5336406,A,C,0.0763889,144
Leptoria_contig033,Leptoria_contig033:5338883,G,C,0.618056,144
Leptoria_contig033,Leptoria_contig033:5338885,G,C,0.618056,144
Leptoria_contig033,Leptoria_contig033:5338886,T,C,0.388889,144
Leptoria_contig033,Leptoria_contig033:5338887,C,T,0.388889,144
Leptoria_contig033,Leptoria_contig033:5338893,C,T,0.423611,144
Leptoria_contig033,Leptoria_contig033:5338900,T,C,0.423611,144
Leptoria_contig033,Leptoria_contig033:6503879,C,T,0.409722,144
Leptoria_contig033,Leptoria_contig033:6508975,A,C,0.513889,144
Leptoria_contig033,Leptoria_contig033:6508983,T,G,0.513889,144
Leptoria_contig033,Leptoria_contig033:6509021,A,G,0.513889,144
Leptoria_contig033,Leptoria_contig033:6516842,C,G,0.4375,144
Leptoria_contig033,Leptoria_contig033:8034425,G,T,0.270833,144
Leptoria_contig033,Leptoria_contig033:8034445,T,A,0.236111,144
Leptoria_contig033,Leptoria_contig033:8034453,A,G,0.333333,144
Leptoria_contig033,Leptoria_contig033:8034599,A,G,0.0625,144
Leptoria_contig033,Leptoria_contig033:8034610,G,C,0.527778,144
Leptoria_contig033,Leptoria_contig033:8034641,C,T,0.104167,144
Leptoria_contig033,Leptoria_contig033:8966527,G,A,0.569444,144
Leptoria_contig033,Leptoria_contig033:8966639,C,G,0.118056,144
Leptoria_contig034,Leptoria_contig034:741325,A,G,0.0763889,144
Leptoria_contig034,Leptoria_contig034:741564,A,T,0.0763889,144
Leptoria_contig034,Leptoria_contig034:1326986,G,C,0.444444,144
Leptoria_contig034,Leptoria_contig034:1327002,A,G,0.444444,144
Leptoria_contig034,Leptoria_contig034:3549225,G,T,0.604167,144
Leptoria_contig034,Leptoria_contig034:3555859,A,G,0.416667,144
Leptoria_contig034,Leptoria_contig034:3556580,C,T,0.105634,142
Leptoria_contig034,Leptoria_contig034:3556620,C,T,0.0985915,142
Leptoria_contig034,Leptoria_contig034:3575659,G,A,0.201389,144
Leptoria_contig034,Leptoria_contig034:3575671,T,C,0.243056,144
Leptoria_contig034,Leptoria_contig034:3590250,G,A,0.458333,144
Leptoria_contig034,Leptoria_contig034:3590260,T,A,0.236111,144
Leptoria_contig034,Leptoria_contig034:3590399,A,G,0.340278,144
Leptoria_contig034,Leptoria_contig034:3590429,G,A,0.479167,144
Leptoria_contig034,Leptoria_contig034:3645646,G,T,0.222222,144
Leptoria_contig034,Leptoria_contig034:3645827,T,G,0.138889,144
Leptoria_contig034,Leptoria_contig034:3645853,T,C,0.763889,144
Leptoria_contig034,Leptoria_contig034:3722627,T,G,0.208333,144
Leptoria_contig034,Leptoria_contig034:3722670,G,A,0.229167,144
Leptoria_contig034,Leptoria_contig034:3722673,G,T,0.0833333,144
Leptoria_contig034,Leptoria_contig034:3722806,G,T,0.652778,144
Leptoria_contig034,Leptoria_contig034:3722824,G,C,0.388889,144
Leptoria_contig034,Leptoria_contig034:6319416,T,C,0.0833333,144
Leptoria_contig034,Leptoria_contig034:6319551,T,C,0.111111,144
Leptoria_contig034,Leptoria_contig034:6319552,G,A,0.361111,144
Leptoria_contig034,Leptoria_contig034:7187921,C,A,0.159722,144
Leptoria_contig034,Leptoria_contig034:7584680,A,T,0.0694444,144
Leptoria_contig034,Leptoria_contig034:7584805,T,C,0.0694444,144
Leptoria_contig034,Leptoria_contig034:7584808,T,A,0.0694444,144
Leptoria_contig034,Leptoria_contig034:7584811,G,T,0.0694444,144
Leptoria_contig034,Leptoria_contig034:7584819,A,T,0.215278,144
Leptoria_contig034,Leptoria_contig034:7584847,G,C,0.291667,144
Leptoria_contig034,Leptoria_contig034:7584858,A,G,0.0694444,144
Leptoria_contig034,Leptoria_contig034:7584860,A,C,0.0763889,144
Leptoria_contig035,Leptoria_contig035:998078,G,C,0.333333,144
Leptoria_contig035,Leptoria_contig035:998081,G,A,0.333333,144
Leptoria_contig035,Leptoria_contig035:998093,T,G,0.333333,144
Leptoria_contig035,Leptoria_contig035:998099,C,G,0.333333,144
Leptoria_contig035,Leptoria_contig035:998107,T,G,0.333333,144
Leptoria_contig035,Leptoria_contig035:998296,A,G,0.340278,144
Leptoria_contig035,Leptoria_contig035:998338,T,C,0.458333,144
Leptoria_contig035,Leptoria_contig035:1829824,A,C,0.0625,144
Leptoria_contig036,Leptoria_contig036:1775960,T,G,0.930556,144
Leptoria_contig036,Leptoria_contig036:1776151,T,C,0.9375,144
Leptoria_contig036,Leptoria_contig036:1776230,T,C,0.930556,144
Leptoria_contig036,Leptoria_contig036:1891919,T,C,0.340278,144
Leptoria_contig036,Leptoria_contig036:1891945,A,C,0.277778,144
Leptoria_contig036,Leptoria_contig036:1892097,A,T,0.0972222,144
Leptoria_contig036,Leptoria_contig036:2232690,G,A,0.354167,144
Leptoria_contig036,Leptoria_contig036:2232697,C,A,0.833333,144
Leptoria_contig036,Leptoria_contig036:2232818,G,T,0.263889,144
Leptoria_contig036,Leptoria_contig036:2232825,C,T,0.368056,144
Leptoria_contig036,Leptoria_contig036:2232829,C,T,0.0555556,144
Leptoria_contig037,Leptoria_contig037:638332,G,C,0.527778,144
Leptoria_contig037,Leptoria_contig037:638469,G,A,0.347222,144
Leptoria_contig037,Leptoria_contig037:638521,T,C,0.402778,144
Leptoria_contig037,Leptoria_contig037:638541,T,A,0.402778,144
Leptoria_contig037,Leptoria_contig037:638544,T,C,0.402778,144
Leptoria_contig039,Leptoria_contig039:694494,A,G,0.0555556,144
Leptoria_contig039,Leptoria_contig039:2933477,A,G,0.354167,144
Leptoria_contig039,Leptoria_contig039:2933478,T,C,0.631944,144
Leptoria_contig040,Leptoria_contig040:1358764,T,C,0.1875,144
Leptoria_contig040,Leptoria_contig040:1358775,A,G,0.0555556,144
Leptoria_contig040,Leptoria_contig040:1358838,T,C,0.0625,144
Leptoria_contig040,Leptoria_contig040:1358945,G,T,0.1875,144
Leptoria_contig047,Leptoria_contig047:55185,C,T,0.0694444,144
Leptoria_contig047,Leptoria_contig047:55210,A,C,0.0694444,144
Leptoria_contig047,Leptoria_contig047:55230,C,T,0.0694444,144